SeniorCitizen,Partner,Dependents,tenure,PhoneService,MultipleLines,OnlineSecurity,OnlineBackup,DeviceProtection,TechSupport,StreamingTV,StreamingMovies,PaperlessBilling,MonthlyCharges,TotalCharges,Churn,gender_Female,gender_Male,Has_InternetService,Fiber_optic,DSL,PaymentMethod_Bank transfer (automatic),PaymentMethod_Credit card (automatic),PaymentMethod_Electronic check,PaymentMethod_Mailed check,Contract_Month-to-month,Contract_One year,Contract_Two year,prediction
0,0,0,1,1,0,0,0,0,0,0,0,0,20.65,20.65,0,0,1,0,0,0,0,0,1,0,1,0,0,0
0,0,0,16,1,0,0,0,0,0,0,0,1,20.6,330.25,0,0,1,0,0,0,0,1,0,0,1,0,0,0
0,0,0,1,1,0,0,0,0,0,0,0,0,19.8,19.8,0,1,0,0,0,0,0,1,0,0,1,0,0,0
0,0,0,1,0,0,0,0,0,0,0,0,1,24.25,24.25,1,0,1,1,0,1,0,0,1,0,1,0,0,1
1,0,0,1,1,1,0,0,0,0,0,0,1,74.4,74.4,1,0,1,1,1,0,0,0,1,0,1,0,0,1
0,1,1,8,1,1,0,1,0,0,0,0,0,55.75,446.8,0,1,0,1,0,1,0,0,1,0,1,0,0,0
1,1,0,27,1,1,1,0,1,0,0,0,1,85.9,2220.1,0,0,1,1,1,0,0,0,1,0,0,1,0,0
0,0,0,1,1,0,0,0,0,0,0,0,1,69.6,69.6,1,1,0,1,1,0,0,0,1,0,1,0,0,0
0,0,0,4,1,0,0,0,0,0,0,0,1,20.15,68.45,0,1,0,0,0,0,0,1,0,0,1,0,0,0
0,1,0,48,1,1,1,1,1,0,1,1,1,111.45,5315.1,0,0,1,1,1,0,1,0,0,0,1,0,0,0
0,1,1,38,1,1,0,0,1,0,1,1,1,101.15,3956.7,0,0,1,1,1,0,0,1,0,0,1,0,0,0
0,1,1,39,1,1,0,0,0,0,0,0,1,23.8,903.8,0,0,1,0,0,0,0,0,0,1,0,0,1,0
0,1,1,23,1,0,0,1,1,1,0,0,0,83.8,1900.25,1,1,0,1,1,0,0,0,1,0,1,0,0,0
0,1,0,70,1,1,0,0,0,0,0,0,0,25.15,1940.85,0,0,1,0,0,0,1,0,0,0,0,0,1,0
0,0,0,25,1,1,0,0,0,0,0,0,0,24.75,692.1,1,1,0,0,0,0,0,1,0,0,0,0,1,0
0,1,0,67,1,1,0,1,1,1,1,1,1,111.3,7567.2,0,0,1,1,1,0,1,0,0,0,0,0,1,0
0,1,0,56,1,1,0,0,0,0,0,0,1,25.15,1327.15,1,0,1,0,0,0,0,1,0,0,0,0,1,0
0,1,1,10,1,1,0,1,1,0,1,1,1,102.1,1068.85,1,1,0,1,1,0,0,1,0,0,1,0,0,0
0,1,1,57,1,0,0,0,0,0,0,0,0,19.75,1272.05,0,1,0,0,0,0,1,0,0,0,0,0,1,0
0,1,0,61,1,0,1,1,0,1,1,1,1,81.05,4747.65,0,0,1,1,0,1,0,0,0,1,0,0,1,0
0,0,0,63,1,1,1,1,1,0,1,1,0,108.25,6780.1,0,1,0,1,1,0,0,1,0,0,1,0,0,0
0,0,0,1,1,0,0,0,0,0,0,0,0,20.25,20.25,0,0,1,0,0,0,0,0,0,1,1,0,0,0
0,0,0,12,1,0,0,0,0,0,0,0,1,19.35,219.35,0,1,0,0,0,0,1,0,0,0,0,1,0,0
0,0,0,29,0,0,0,0,0,0,0,0,1,25.1,712.85,1,1,0,1,0,1,0,1,0,0,1,0,0,0
1,0,0,64,1,1,1,0,1,1,1,1,1,108.95,7111.3,0,1,0,1,1,0,1,0,0,0,1,0,0,0
0,1,0,69,1,0,0,1,0,0,0,1,1,61.45,4131.2,0,1,0,1,0,1,0,1,0,0,0,0,1,0
0,1,1,35,1,1,1,1,0,0,0,0,1,59.45,2136.9,0,1,0,1,0,1,0,1,0,0,1,0,0,1
0,1,1,42,1,0,0,0,0,0,0,0,1,19.05,761.85,0,1,0,0,0,0,0,0,1,0,0,1,0,0
1,1,0,1,1,1,0,0,0,0,0,0,0,74.3,74.3,0,0,1,1,1,0,0,0,1,0,1,0,0,1
0,0,0,8,1,1,0,0,0,0,1,1,0,95.65,778.1,1,1,0,1,1,0,1,0,0,0,1,0,0,1
0,0,0,19,1,0,0,0,0,0,0,0,0,19.65,358.15,0,0,1,0,0,0,0,0,0,1,0,0,1,0
0,0,0,68,1,1,0,0,0,0,0,0,0,25.5,1821.8,0,1,0,0,0,0,1,0,0,0,0,0,1,0
0,0,1,53,1,0,1,1,0,1,0,0,0,62.85,3419.5,0,0,1,1,0,1,0,1,0,0,0,1,0,0
0,0,0,19,1,1,0,0,0,0,0,0,0,24.7,465.85,0,1,0,0,0,0,1,0,0,0,1,0,0,0
0,1,1,23,1,1,0,0,0,0,0,0,0,23.85,625.65,0,1,0,0,0,0,0,0,0,1,0,0,1,0
1,0,0,45,1,1,0,0,1,0,1,1,1,100.15,4459.8,0,1,0,1,1,0,1,0,0,0,0,1,0,0
0,1,1,58,0,0,0,0,1,1,1,1,1,55.5,3166.9,0,1,0,1,0,1,0,1,0,0,0,0,1,1
0,1,0,72,1,1,1,1,1,1,1,1,0,115.15,8349.7,0,1,0,1,1,0,0,0,1,0,0,0,1,0
0,0,0,26,1,1,0,0,0,0,0,0,1,74.95,1834.95,1,1,0,1,1,0,1,0,0,0,1,0,0,0
0,0,0,40,1,0,0,1,0,0,0,0,0,74.8,2971.7,0,1,0,1,1,0,0,1,0,0,1,0,0,0
0,0,0,1,1,0,0,0,0,0,1,0,1,80.55,80.55,0,0,1,1,1,0,0,0,1,0,1,0,0,1
0,1,1,69,1,0,0,0,0,0,0,0,0,19.9,1356.7,0,0,1,0,0,0,1,0,0,0,0,0,1,0
1,0,0,72,1,1,1,1,1,1,1,1,0,113.8,7845.8,0,0,1,1,1,0,1,0,0,0,0,0,1,0
1,0,0,1,1,1,0,0,0,0,0,1,1,85.05,85.05,1,1,0,1,1,0,0,0,1,0,1,0,0,1
0,0,0,35,1,0,0,0,0,0,0,0,0,20.6,754.0,0,0,1,0,0,0,1,0,0,0,0,1,0,0
0,0,0,29,1,0,1,0,1,1,0,0,0,58.0,1734.5,0,1,0,1,0,1,0,1,0,0,0,1,0,0
0,0,0,27,1,0,0,0,0,0,0,0,1,19.4,460.25,0,0,1,0,0,0,0,1,0,0,1,0,0,0
1,1,0,56,1,1,1,1,1,1,0,0,0,95.65,5471.75,0,1,0,1,1,0,0,0,1,0,0,1,0,1
0,1,1,1,1,0,0,0,0,0,0,0,1,70.65,70.65,1,0,1,1,1,0,0,0,0,1,1,0,0,1
1,0,0,22,1,0,1,0,1,1,0,1,1,69.75,1545.4,0,1,0,1,0,1,0,0,0,1,1,0,0,1
1,1,0,41,1,0,0,1,0,0,1,1,1,94.55,3851.45,0,0,1,1,1,0,0,0,1,0,1,0,0,0
0,0,0,45,1,0,1,0,1,0,1,1,1,75.95,3273.8,0,0,1,1,0,1,0,0,1,0,1,0,0,0
0,0,0,17,1,1,0,0,1,1,1,0,1,69.0,1108.0,0,1,0,1,0,1,0,0,0,1,1,0,0,0
1,0,0,12,1,1,0,0,1,0,1,1,1,99.45,1200.15,1,0,1,1,1,0,0,0,1,0,1,0,0,1
0,1,0,36,1,0,1,0,0,0,1,1,1,93.6,3366.05,0,0,1,1,1,0,0,0,1,0,1,0,0,0
1,0,0,49,1,1,1,1,1,1,0,1,0,81.35,4060.9,0,0,1,1,0,1,0,1,0,0,0,0,1,0
0,1,1,6,1,0,1,1,0,0,0,0,0,55.9,365.35,1,1,0,1,0,1,0,1,0,0,1,0,0,0
0,1,0,10,1,1,0,0,0,0,1,0,1,85.6,813.85,1,0,1,1,1,0,0,0,1,0,1,0,0,1
0,0,0,2,1,0,0,0,0,0,0,0,0,18.75,53.15,0,1,0,0,0,0,1,0,0,0,1,0,0,0
1,0,0,1,1,0,0,0,0,0,0,0,1,69.65,69.65,1,0,1,1,1,0,0,0,1,0,1,0,0,1
0,0,0,60,0,0,1,0,1,0,0,1,1,44.45,2773.9,0,1,0,1,0,1,0,0,1,0,0,1,0,0
1,0,0,40,1,0,0,0,0,0,1,1,1,91.55,3673.6,0,1,0,1,1,0,0,0,1,0,1,0,0,0
0,1,0,5,1,0,1,0,1,0,0,1,1,88.9,454.15,1,1,0,1,1,0,0,0,0,1,1,0,0,1
0,1,1,36,0,0,1,0,1,1,0,0,0,40.65,1547.35,0,1,0,1,0,1,0,1,0,0,0,0,1,0
1,1,0,64,1,1,0,0,0,0,0,0,0,25.65,1740.8,0,0,1,0,0,0,0,1,0,0,0,0,1,0
0,1,1,55,1,1,0,0,0,0,0,1,0,85.5,4713.4,0,0,1,1,1,0,1,0,0,0,1,0,0,0
0,0,0,66,0,0,0,0,0,1,0,0,0,29.45,1983.15,0,0,1,1,0,1,0,1,0,0,0,1,0,0
1,1,0,71,1,1,0,0,0,0,0,0,0,23.95,1756.2,0,0,1,0,0,0,1,0,0,0,0,0,1,0
0,1,1,52,1,0,1,0,1,1,0,0,1,84.05,4326.8,0,1,0,1,1,0,1,0,0,0,1,0,0,1
0,0,0,72,1,1,1,1,1,1,1,1,0,92.0,6632.75,0,0,1,1,0,1,1,0,0,0,0,0,1,0
0,1,1,28,1,0,1,0,0,0,0,1,1,82.85,2320.8,0,1,0,1,1,0,1,0,0,0,0,1,0,0
0,1,0,7,1,0,0,0,0,0,0,0,1,44.25,313.45,0,1,0,1,0,1,0,0,0,1,1,0,0,0
0,0,0,7,0,0,0,0,1,1,0,0,1,35.5,249.55,0,0,1,1,0,1,0,1,0,0,0,1,0,0
0,1,0,60,1,1,0,1,1,0,1,1,0,102.5,6157.6,0,0,1,1,1,0,1,0,0,0,0,1,0,0
0,1,0,15,1,0,0,1,0,0,0,0,0,75.35,1114.55,0,1,0,1,1,0,1,0,0,0,1,0,0,0
1,0,0,65,1,0,0,1,1,0,1,1,1,99.1,6496.15,0,0,1,1,1,0,1,0,0,0,1,0,0,0
1,1,0,5,1,0,0,0,0,0,0,0,1,69.35,341.6,0,1,0,1,1,0,0,0,1,0,1,0,0,1
0,1,0,66,0,0,1,1,1,1,1,0,1,56.6,3789.2,0,0,1,1,0,1,1,0,0,0,0,0,1,0
1,1,1,43,1,1,0,1,1,1,1,1,1,110.75,4687.9,1,0,1,1,1,0,1,0,0,0,1,0,0,0
0,0,0,52,1,1,1,0,1,1,1,1,1,109.3,5731.4,0,0,1,1,1,0,0,0,1,0,0,0,1,0
0,1,0,57,1,1,1,0,0,0,1,1,1,99.65,5497.05,0,1,0,1,1,0,0,0,1,0,1,0,0,0
0,0,0,8,0,0,1,0,0,0,0,0,1,30.45,226.45,1,0,1,1,0,1,0,0,1,0,1,0,0,0
0,1,1,71,1,1,1,0,1,1,1,1,0,85.45,6300.85,0,0,1,1,0,1,0,0,1,0,0,1,0,0
0,0,0,9,1,0,0,0,0,0,0,1,1,80.8,713.1,1,0,1,1,1,0,0,0,1,0,1,0,0,0
0,0,0,54,1,1,0,0,1,1,0,1,1,95.1,5064.85,0,1,0,1,1,0,1,0,0,0,0,0,1,1
1,1,0,43,1,0,0,1,1,0,1,1,1,100.55,4304.0,0,0,1,1,1,0,1,0,0,0,0,1,0,0
0,0,0,2,1,0,0,0,0,0,0,0,0,44.35,81.25,1,0,1,1,0,1,0,0,1,0,1,0,0,1
0,1,1,33,1,1,0,0,0,0,0,0,0,24.15,800.3,0,1,0,0,0,0,0,1,0,0,0,1,0,0
0,0,0,1,1,1,0,0,0,0,0,1,1,86.6,86.6,1,0,1,1,1,0,0,0,1,0,1,0,0,1
0,1,1,8,1,0,0,0,0,0,0,0,0,20.15,165.5,0,0,1,0,0,0,0,0,0,1,0,0,1,0
0,1,0,37,1,1,0,0,1,0,1,1,1,99.5,3762.0,1,1,0,1,1,0,0,0,1,0,1,0,0,1
0,0,0,3,1,1,0,0,0,0,0,0,1,75.5,220.6,1,1,0,1,1,0,0,0,1,0,1,0,0,1
0,0,1,46,1,0,0,1,1,0,1,1,1,99.8,4391.25,0,1,0,1,1,0,0,0,1,0,1,0,0,1
0,0,0,62,1,1,1,1,1,1,0,0,0,69.4,4237.5,0,0,1,1,0,1,1,0,0,0,0,0,1,1
0,1,1,6,1,0,0,0,0,0,0,0,0,19.7,113.5,0,1,0,0,0,0,0,0,0,1,1,0,0,0
0,1,0,51,1,1,0,1,1,0,1,1,1,106.8,5498.8,0,0,1,1,1,0,1,0,0,0,0,1,0,0
0,0,0,22,1,0,0,1,0,0,0,1,1,84.3,1855.65,1,1,0,1,1,0,0,0,0,1,1,0,0,0
0,0,0,66,1,0,1,1,1,0,0,0,1,61.15,4017.45,0,1,0,1,0,1,1,0,0,0,0,0,1,0
0,0,0,27,1,1,0,0,1,0,1,1,1,100.5,2673.45,0,0,1,1,1,0,1,0,0,0,0,1,0,0
0,1,1,53,1,1,0,1,1,0,1,1,1,105.25,5576.3,0,0,1,1,1,0,0,0,1,0,0,1,0,1
0,0,0,13,1,1,1,1,0,0,1,0,1,96.65,1244.5,1,1,0,1,1,0,0,0,1,0,1,0,0,1
0,0,0,49,1,0,0,0,1,1,1,1,1,74.45,3721.9,0,1,0,1,0,1,1,0,0,0,0,0,1,0
0,0,0,1,1,0,0,0,0,0,1,1,1,90.55,90.55,1,0,1,1,1,0,0,0,1,0,1,0,0,1
0,1,0,19,1,0,0,0,1,0,1,1,1,96.8,1743.05,0,1,0,1,1,0,0,0,1,0,1,0,0,1
1,0,0,72,1,1,1,1,1,1,0,1,1,107.4,7748.75,0,1,0,1,1,0,1,0,0,0,0,0,1,0
0,0,0,1,1,0,0,0,0,0,0,0,0,19.75,19.75,0,1,0,0,0,0,0,0,0,1,1,0,0,0
0,0,0,63,1,0,1,1,1,1,1,1,0,109.2,7049.75,0,0,1,1,1,0,0,1,0,0,0,0,1,0
0,1,0,18,1,0,0,0,1,0,1,1,1,95.95,1745.5,0,1,0,1,1,0,0,1,0,0,1,0,0,1
0,0,0,30,1,0,0,0,0,1,1,1,1,94.4,2638.1,0,1,0,1,1,0,1,0,0,0,0,1,0,0
0,0,1,3,1,0,0,0,0,0,1,0,1,54.7,169.45,1,0,1,1,0,1,0,1,0,0,1,0,0,1
0,0,1,11,1,0,0,0,0,0,0,0,0,20.1,221.35,1,1,0,0,0,0,0,1,0,0,1,0,0,0
0,0,0,1,1,0,0,0,0,0,0,1,1,55.4,55.4,1,1,0,1,0,1,0,0,1,0,1,0,0,0
0,1,0,10,1,0,0,0,0,0,1,0,1,79.95,857.2,1,0,1,1,1,0,0,0,1,0,1,0,0,0
0,0,0,34,1,1,0,1,1,0,1,1,1,106.35,3549.25,1,0,1,1,1,0,0,0,1,0,1,0,0,1
0,1,1,23,1,1,0,1,0,1,1,0,1,69.5,1652.1,0,1,0,1,0,1,0,1,0,0,1,0,0,0
0,0,0,53,0,0,1,1,1,1,1,0,1,53.6,2879.2,0,1,0,1,0,1,0,0,1,0,0,1,0,1
0,0,0,25,1,0,0,0,0,0,0,0,0,70.95,1767.35,1,0,1,1,1,0,0,0,0,1,1,0,0,1
0,0,0,44,1,0,1,0,0,1,1,0,0,65.4,2774.55,0,0,1,1,0,1,0,0,1,0,0,1,0,0
0,1,0,67,1,0,1,1,1,1,1,1,1,111.05,7321.05,0,0,1,1,1,0,0,0,1,0,0,0,1,0
0,1,1,20,1,1,0,1,1,0,1,1,1,105.85,2239.65,1,1,0,1,1,0,1,0,0,0,1,0,0,0
0,1,1,71,1,0,0,0,1,0,0,0,0,76.05,5436.45,0,1,0,1,1,0,0,0,1,0,0,0,1,0
0,1,0,11,1,0,0,0,0,0,1,0,1,55.05,608.15,0,0,1,1,0,1,1,0,0,0,1,0,0,0
1,0,0,56,1,1,0,1,1,1,1,0,1,99.9,5706.3,0,1,0,1,1,0,1,0,0,0,0,0,1,0
0,0,0,27,1,0,0,0,0,0,0,0,0,19.85,470.0,0,0,1,0,0,0,0,1,0,0,0,0,1,0
0,1,0,21,1,1,1,0,1,0,1,1,1,103.9,2254.2,1,1,0,1,1,0,0,0,1,0,1,0,0,0
0,1,1,26,1,1,0,0,1,1,1,1,1,82.0,2083.1,0,0,1,1,0,1,0,1,0,0,0,1,0,1
0,0,1,61,1,1,0,0,0,0,0,0,1,25.0,1498.35,0,1,0,0,0,0,0,1,0,0,0,0,1,0
0,0,0,1,1,0,0,0,0,0,0,0,0,20.45,20.45,0,0,1,0,0,0,0,0,0,1,1,0,0,0
1,0,0,16,1,1,0,0,0,0,1,0,1,84.75,1350.15,1,1,0,1,1,0,0,0,1,0,1,0,0,0
0,1,0,22,1,0,1,0,0,1,0,0,1,56.25,1292.2,0,0,1,1,0,1,0,1,0,0,0,1,0,0
0,1,0,42,0,0,0,1,0,1,0,0,0,33.55,1445.3,1,1,0,1,0,1,0,0,0,1,0,1,0,1
0,0,0,7,1,0,0,0,1,1,1,1,1,100.4,715.0,0,1,0,1,1,0,0,0,1,0,1,0,0,0
1,1,1,29,0,0,0,1,1,0,0,0,1,35.65,1025.15,0,1,0,1,0,1,0,0,0,1,1,0,0,0
0,1,1,22,1,0,0,0,0,0,0,0,0,20.75,452.35,0,1,0,0,0,0,1,0,0,0,0,1,0,0
0,1,1,54,1,0,0,0,0,0,0,0,1,20.35,1092.35,0,1,0,0,0,0,1,0,0,0,0,0,1,0
0,0,0,1,1,0,0,0,0,0,0,0,0,20.45,20.45,0,0,1,0,0,0,0,0,0,1,0,0,1,0
0,1,0,6,1,1,0,0,0,0,0,0,0,50.35,314.55,0,1,0,1,0,1,0,0,1,0,1,0,0,1
1,0,0,66,1,1,0,1,0,0,0,0,1,80.45,5224.35,1,1,0,1,1,0,0,1,0,0,1,0,0,0
1,1,0,72,1,1,0,1,1,0,1,1,1,104.15,7689.95,1,0,1,1,1,0,1,0,0,0,0,0,1,1
0,1,0,62,0,0,0,0,0,1,1,0,1,39.0,2337.45,0,0,1,1,0,1,1,0,0,0,0,0,1,1
0,1,1,47,1,1,0,0,1,1,1,1,1,107.35,5118.95,1,0,1,1,1,0,1,0,0,0,1,0,0,1
0,0,0,5,1,0,0,0,1,1,0,0,0,56.15,291.45,0,0,1,1,0,1,0,0,1,0,1,0,0,1
0,1,0,49,1,1,1,1,1,0,0,1,0,71.8,3472.05,0,1,0,1,0,1,0,0,1,0,0,1,0,0
0,1,1,6,1,1,0,0,0,0,0,0,1,48.95,273.25,0,1,0,1,0,1,0,1,0,0,1,0,0,1
0,0,1,6,1,0,0,0,0,0,0,0,0,19.7,111.65,0,0,1,0,0,0,0,0,0,1,1,0,0,1
0,0,0,1,1,0,0,0,0,0,0,0,0,20.6,20.6,1,0,1,0,0,0,0,0,0,1,1,0,0,0
0,1,0,70,1,1,1,1,1,1,1,0,0,79.15,5536.5,0,0,1,1,0,1,0,0,0,1,0,0,1,0
1,0,0,9,1,1,0,0,0,0,0,0,1,74.55,622.9,1,1,0,1,1,0,0,0,1,0,1,0,0,0
1,0,0,62,1,1,0,0,0,0,1,0,0,84.45,4959.15,0,1,0,1,1,0,0,0,1,0,0,1,0,0
1,0,0,1,1,0,0,0,0,0,0,0,1,69.75,69.75,1,0,1,1,1,0,0,0,1,0,1,0,0,1
0,1,1,72,1,1,1,1,0,1,1,0,0,74.55,5430.65,0,1,0,1,0,1,0,0,0,1,0,0,1,0
0,1,1,17,1,0,0,0,0,0,0,0,0,20.75,418.25,0,1,0,0,0,0,0,0,0,1,0,1,0,0
0,0,0,35,1,0,0,0,0,0,0,0,0,19.25,617.65,0,1,0,0,0,0,1,0,0,0,1,0,0,0
0,0,0,1,1,0,0,0,0,0,0,0,0,20.55,20.55,1,0,1,0,0,0,0,0,1,0,1,0,0,0
0,0,1,26,1,1,0,0,0,0,0,0,1,49.5,1265.65,0,1,0,1,0,1,0,0,0,1,1,0,0,0
0,1,1,49,0,0,1,0,0,1,0,0,1,35.8,1782.0,0,1,0,1,0,1,0,1,0,0,0,1,0,0
0,0,0,5,1,1,0,0,1,1,0,0,1,82.75,417.75,0,1,0,1,1,0,0,0,1,0,1,0,0,1
0,0,1,39,0,0,1,0,0,1,1,0,0,45.05,1790.6,0,0,1,1,0,1,1,0,0,0,0,1,0,0
0,1,0,30,1,0,0,0,0,0,0,0,0,19.05,637.55,0,0,1,0,0,0,0,0,0,1,0,0,1,0
0,1,1,18,1,0,0,0,0,0,0,0,0,19.35,309.25,0,1,0,0,0,0,0,0,0,1,0,0,1,0
1,0,0,4,1,0,0,0,0,0,0,0,1,70.65,293.85,0,0,1,1,1,0,0,0,1,0,1,0,0,0
0,1,0,28,1,0,1,1,0,1,0,0,0,60.9,1785.65,0,0,1,1,0,1,0,0,0,1,1,0,0,0
1,0,0,2,0,0,0,0,0,0,0,0,1,24.45,47.5,1,0,1,1,0,1,0,0,0,1,1,0,0,0
0,0,0,6,0,0,0,0,1,0,1,1,1,47.95,305.1,1,1,0,1,0,1,0,0,1,0,1,0,0,1
1,0,0,35,1,1,1,0,0,0,1,1,1,99.05,3554.6,0,1,0,1,1,0,0,0,1,0,1,0,0,0
0,1,1,1,1,0,0,0,0,0,0,0,0,19.75,19.75,0,0,1,0,0,0,0,0,1,0,1,0,0,0
0,1,0,44,1,1,1,0,1,0,0,0,1,84.8,3626.35,0,0,1,1,1,0,0,1,0,0,1,0,0,0
0,1,1,27,1,1,0,0,0,0,0,0,1,75.75,1929.0,0,0,1,1,1,0,1,0,0,0,1,0,0,1
0,1,1,72,1,1,1,0,1,0,1,0,1,71.45,5025.85,0,1,0,1,0,1,1,0,0,0,0,0,1,0
0,0,0,8,1,0,0,0,1,0,1,1,1,94.7,740.3,1,0,1,1,1,0,0,0,1,0,1,0,0,1
0,0,1,48,1,1,1,1,1,0,0,0,1,64.4,3035.35,0,0,1,1,0,1,1,0,0,0,0,1,0,1
0,0,0,13,0,0,0,0,1,1,0,0,0,35.4,450.4,0,1,0,1,0,1,0,0,0,1,0,0,1,0
1,0,0,13,1,0,0,1,1,0,0,0,1,54.8,731.3,0,1,0,1,0,1,0,0,1,0,1,0,0,0
0,1,0,1,1,0,0,0,0,0,0,0,1,69.4,69.4,1,1,0,1,1,0,0,0,0,1,1,0,0,1
0,1,1,58,1,1,0,1,0,1,1,0,1,94.7,5430.35,0,0,1,1,1,0,0,1,0,0,0,1,0,1
0,1,1,53,1,0,1,1,0,1,1,0,1,69.7,3729.6,0,0,1,1,0,1,0,0,0,1,0,0,1,0
0,0,0,18,1,1,0,0,0,0,0,0,0,74.15,1387.0,0,0,1,1,1,0,0,0,0,1,1,0,0,0
0,1,0,22,1,1,1,0,0,1,1,0,0,95.9,2234.95,0,0,1,1,1,0,0,1,0,0,1,0,0,0
0,1,0,72,1,1,0,0,0,0,0,0,0,24.55,1750.7,0,1,0,0,0,0,0,0,1,0,0,0,1,0
0,1,0,27,1,0,0,0,0,0,0,0,0,19.55,520.55,0,0,1,0,0,0,1,0,0,0,0,0,1,0
0,1,1,15,1,1,0,0,0,0,0,0,1,74.9,1107.25,1,0,1,1,1,0,1,0,0,0,1,0,0,0
0,1,1,27,1,1,0,1,0,1,0,0,1,85.2,2151.6,0,0,1,1,1,0,0,1,0,0,1,0,0,0
0,0,0,4,1,0,0,1,0,0,1,1,1,68.65,261.25,1,1,0,1,0,1,1,0,0,0,1,0,0,1
1,0,0,34,1,0,0,1,1,0,1,1,1,99.85,3343.15,0,0,1,1,1,0,0,0,1,0,0,1,0,0
1,0,1,56,1,0,1,0,0,0,1,1,0,94.8,5264.3,0,0,1,1,1,0,0,1,0,0,0,1,0,0
0,0,0,66,0,0,1,0,1,1,1,1,1,61.35,4193.4,0,1,0,1,0,1,1,0,0,0,0,0,1,0
0,0,0,15,1,0,0,0,0,0,0,0,0,19.75,311.6,0,0,1,0,0,0,0,0,0,1,1,0,0,0
0,0,0,2,1,1,0,1,0,0,0,0,0,54.15,101.65,0,1,0,1,0,1,0,0,0,1,1,0,0,0
0,0,0,11,1,0,1,0,1,0,0,1,0,64.05,733.95,0,1,0,1,0,1,1,0,0,0,1,0,0,0
0,1,1,28,1,0,0,0,0,0,1,1,1,90.1,2598.95,1,1,0,1,1,0,1,0,0,0,0,1,0,0
0,0,0,12,1,1,0,1,1,1,1,1,1,112.95,1384.75,1,0,1,1,1,0,0,0,0,1,1,0,0,0
1,1,0,1,1,0,0,0,0,0,0,0,0,70.85,70.85,1,0,1,1,1,0,0,0,0,1,1,0,0,1
0,1,1,72,1,1,1,1,1,1,1,1,0,117.5,8670.1,0,1,0,1,1,0,0,1,0,0,0,0,1,0
0,0,0,40,1,0,0,0,0,0,0,0,0,19.65,830.25,0,1,0,0,0,0,0,1,0,0,0,0,1,0
0,0,0,13,1,0,0,0,0,0,0,1,1,80.85,1008.7,1,0,1,1,1,0,0,0,1,0,1,0,0,0
0,1,0,36,1,0,0,0,0,0,0,1,0,80.4,2937.65,0,1,0,1,1,0,0,0,1,0,1,0,0,1
0,0,0,4,0,0,0,0,1,0,0,0,1,29.65,118.5,1,0,1,1,0,1,0,0,1,0,1,0,0,0
0,0,0,42,1,0,1,1,0,1,0,1,1,67.7,2882.25,0,1,0,1,0,1,0,0,0,1,0,1,0,1
0,1,0,72,1,1,1,1,0,1,1,1,1,109.95,7852.4,0,0,1,1,1,0,0,1,0,0,0,0,1,0
0,1,1,71,1,1,1,0,1,0,1,1,0,105.55,7405.5,0,0,1,1,1,0,0,0,1,0,0,0,1,0
0,0,0,36,1,1,0,0,0,0,0,1,1,84.9,3067.2,1,0,1,1,1,0,0,0,1,0,1,0,0,1
0,1,1,64,1,1,1,1,1,1,1,1,0,113.35,7222.75,0,1,0,1,1,0,0,0,1,0,0,1,0,0
0,1,0,13,1,1,1,1,0,1,1,0,1,76.2,981.45,0,1,0,1,0,1,0,0,1,0,1,0,0,1
0,0,0,29,1,0,0,0,0,0,1,0,1,78.9,2384.15,1,1,0,1,1,0,0,0,1,0,1,0,0,0
1,1,1,72,1,1,1,1,1,1,1,1,1,89.55,6448.85,0,1,0,1,0,1,0,1,0,0,0,0,1,0
0,1,0,67,1,1,0,0,0,0,0,0,1,25.25,1733.15,0,1,0,0,0,0,0,1,0,0,0,0,1,0
0,1,1,67,0,0,1,0,0,1,0,0,0,35.7,2545.7,0,1,0,1,0,1,0,1,0,0,0,0,1,0
0,0,0,1,1,1,0,0,0,0,0,0,1,74.25,74.25,1,0,1,1,1,0,0,0,0,1,1,0,0,1
0,0,0,1,1,0,0,0,0,0,1,1,1,89.55,89.55,1,0,1,1,1,0,0,0,1,0,1,0,0,1
1,1,0,38,1,1,0,0,0,0,0,0,1,74.95,2869.85,1,1,0,1,1,0,1,0,0,0,1,0,0,1
1,1,0,4,1,0,0,0,0,0,0,0,1,70.2,280.35,0,0,1,1,1,0,0,0,1,0,1,0,0,1
0,0,0,16,1,0,0,0,0,1,0,0,1,49.45,799.0,0,0,1,1,0,1,0,0,0,1,1,0,0,0
0,0,0,5,1,0,1,0,0,1,0,0,0,53.85,259.8,1,1,0,1,0,1,0,1,0,0,1,0,0,0
0,1,0,8,1,0,0,1,0,0,0,0,1,49.55,393.45,0,0,1,1,0,1,1,0,0,0,1,0,0,0
1,0,0,21,1,1,0,1,1,0,1,1,1,104.35,2271.85,0,0,1,1,1,0,0,0,1,0,1,0,0,0
0,1,1,34,1,0,0,0,0,0,0,0,1,20.1,682.1,0,1,0,0,0,0,1,0,0,0,0,1,0,0
0,0,0,63,1,1,0,1,1,0,1,1,1,104.75,6536.5,0,0,1,1,1,0,1,0,0,0,0,0,1,0
0,1,1,72,1,1,0,1,1,1,1,1,0,110.9,7922.75,0,0,1,1,1,0,0,1,0,0,0,0,1,0
0,0,0,1,1,0,0,0,0,0,1,1,1,89.25,89.25,0,0,1,1,1,0,0,0,1,0,1,0,0,1
0,1,1,56,1,0,1,1,1,0,0,0,1,61.3,3346.8,0,1,0,1,0,1,0,1,0,0,0,0,1,0
0,1,1,1,1,0,0,0,0,0,0,0,0,19.85,19.85,0,0,1,0,0,0,0,1,0,0,0,1,0,0
0,1,1,35,1,1,0,0,0,0,0,0,1,25.75,882.55,0,1,0,0,0,0,0,0,1,0,1,0,0,0
0,1,0,67,1,1,1,1,1,0,1,1,0,109.9,7332.4,0,0,1,1,1,0,0,1,0,0,0,1,0,0
0,0,0,1,1,0,0,0,0,0,0,0,1,42.9,42.9,1,0,1,1,0,1,0,0,1,0,1,0,0,0
0,0,0,11,1,0,0,0,0,0,0,0,1,20.45,237.3,0,0,1,0,0,0,0,1,0,0,1,0,0,0
0,0,1,2,1,0,0,0,0,0,0,1,1,55.3,108.65,0,0,1,1,0,1,0,0,1,0,1,0,0,0
0,1,1,52,0,0,0,1,1,1,1,0,0,50.2,2554.0,0,0,1,1,0,1,0,0,0,1,0,0,1,0
0,0,0,13,1,0,0,0,0,0,0,0,0,19.75,265.75,0,0,1,0,0,0,0,0,0,1,0,0,1,0
0,1,0,50,1,1,0,1,0,0,1,1,1,98.25,4858.7,0,0,1,1,1,0,0,0,1,0,0,1,0,1
0,1,1,66,1,1,0,1,1,0,1,1,1,102.45,6615.15,1,1,0,1,1,0,0,1,0,0,0,1,0,0
0,0,0,1,1,0,0,0,0,0,0,0,1,69.8,69.8,1,0,1,1,1,0,0,0,1,0,1,0,0,0
0,0,0,1,1,0,0,0,0,0,0,0,1,45.65,45.65,1,0,1,1,0,1,0,0,1,0,1,0,0,1
0,0,0,10,1,0,0,0,0,0,0,0,1,45.8,436.2,0,0,1,1,0,1,0,1,0,0,1,0,0,0
0,0,1,19,1,0,0,0,0,0,0,0,1,20.0,377.55,0,0,1,0,0,0,0,0,1,0,1,0,0,1
0,1,0,36,1,0,0,0,0,0,0,0,0,20.0,666.75,0,0,1,0,0,0,0,0,0,1,0,1,0,0
0,1,1,69,1,0,1,1,0,1,1,1,1,106.35,7261.75,0,0,1,1,1,0,0,1,0,0,0,0,1,0
0,0,1,22,1,0,0,0,0,0,0,0,0,20.15,432.5,0,0,1,0,0,0,0,1,0,0,1,0,0,0
0,1,1,13,1,0,0,0,1,0,1,1,0,97.0,1334.45,0,0,1,1,1,0,0,0,1,0,1,0,0,0
0,1,1,24,1,1,1,0,1,0,1,1,0,78.6,1846.65,0,1,0,1,0,1,0,1,0,0,0,0,1,0
1,1,1,32,1,1,0,0,1,0,1,0,1,91.35,2896.55,0,1,0,1,1,0,0,0,0,1,1,0,0,0
0,1,0,8,1,0,0,1,1,0,1,1,0,101.15,842.9,1,1,0,1,1,0,0,0,1,0,1,0,0,1
0,1,1,68,1,1,0,1,0,1,0,1,0,70.8,4859.95,0,0,1,1,0,1,0,1,0,0,0,0,1,0
0,1,1,54,1,1,1,0,0,1,0,0,0,60.0,3273.95,0,1,0,1,0,1,1,0,0,0,0,0,1,0
0,1,1,42,1,0,0,0,0,0,0,0,0,20.0,833.55,0,1,0,0,0,0,0,0,0,1,0,0,1,0
0,1,1,3,1,0,0,1,0,0,1,0,1,58.7,168.6,0,1,0,1,0,1,0,1,0,0,1,0,0,1
0,0,0,2,1,0,1,1,0,0,1,1,0,100.2,198.5,0,0,1,1,1,0,0,0,1,0,1,0,0,1
0,1,0,56,1,1,0,1,0,0,1,1,0,100.3,5614.45,1,0,1,1,1,0,0,1,0,0,0,1,0,0
1,1,0,53,1,0,0,1,1,1,1,0,1,94.0,4871.45,0,1,0,1,1,0,0,0,1,0,0,1,0,1
0,0,0,52,1,0,0,0,0,0,0,0,0,19.65,1025.05,0,0,1,0,0,0,0,0,0,1,0,0,1,0
1,0,0,14,1,1,0,1,0,0,0,0,1,78.95,1101.85,1,1,0,1,1,0,0,0,1,0,1,0,0,0
0,0,1,1,1,1,0,0,0,0,1,1,1,93.3,93.3,1,0,1,1,1,0,0,0,1,0,1,0,0,1
0,0,0,66,1,0,0,0,0,0,0,0,0,19.35,1240.8,0,0,1,0,0,0,1,0,0,0,0,0,1,0
0,0,0,30,1,0,1,1,1,1,1,1,0,85.35,2530.4,1,1,0,1,0,1,1,0,0,0,0,1,0,0
1,1,0,56,1,1,0,0,1,0,1,1,1,100.65,5688.05,1,1,0,1,1,0,1,0,0,0,1,0,0,0
1,1,0,30,1,0,0,1,1,0,0,0,1,79.65,2365.15,1,0,1,1,1,0,0,0,0,1,1,0,0,0
0,0,0,7,1,0,0,0,0,0,0,0,0,19.5,128.6,0,0,1,0,0,0,0,0,0,1,0,1,0,0
0,1,0,64,0,0,1,0,1,1,0,1,0,47.85,3147.5,1,1,0,1,0,1,0,0,1,0,0,0,1,0
0,0,0,16,1,0,0,1,0,0,0,1,1,86.25,1340.1,0,1,0,1,1,0,0,0,1,0,1,0,0,0
0,0,0,35,1,1,0,0,0,0,0,0,0,23.3,797.1,0,1,0,0,0,0,1,0,0,0,0,0,1,0
0,1,1,6,1,0,0,0,0,0,0,0,0,19.85,119.3,0,1,0,0,0,0,0,0,0,1,1,0,0,0
1,0,0,1,1,1,0,0,1,0,1,0,1,88.8,88.8,1,0,1,1,1,0,0,0,1,0,1,0,0,1
1,0,0,1,1,0,0,0,0,0,0,0,1,45.85,45.85,0,0,1,1,0,1,0,0,0,1,1,0,0,0
0,0,0,21,1,1,0,0,0,0,0,0,0,75.3,1570.7,0,0,1,1,1,0,0,0,0,1,1,0,0,1
0,0,0,25,1,1,0,1,0,0,1,1,1,100.25,2387.75,1,1,0,1,1,0,0,0,1,0,1,0,0,1
0,0,0,23,1,0,0,0,0,0,0,0,0,20.15,405.6,0,0,1,0,0,0,1,0,0,0,0,1,0,0
0,0,0,13,0,0,1,0,0,0,0,0,1,30.85,394.1,0,1,0,1,0,1,1,0,0,0,1,0,0,0
0,0,0,1,1,0,0,0,0,0,0,0,1,70.3,70.3,1,0,1,1,1,0,0,0,1,0,1,0,0,0
0,1,1,70,1,1,0,1,1,1,1,1,1,85.95,5931.75,0,0,1,1,0,1,0,1,0,0,0,0,1,0
0,1,1,69,1,0,1,1,0,1,1,1,0,80.65,5542.55,0,0,1,1,0,1,1,0,0,0,0,0,1,0
1,1,0,60,1,0,1,1,1,1,1,1,1,110.0,6668.35,0,1,0,1,1,0,1,0,0,0,0,0,1,0
0,1,1,69,1,1,1,1,1,1,1,0,1,105.1,7234.8,0,1,0,1,1,0,0,1,0,0,0,1,0,0
1,0,0,34,1,1,0,1,0,1,1,0,1,96.35,3190.25,0,1,0,1,1,0,0,0,1,0,1,0,0,0
0,0,1,2,1,1,0,0,0,0,1,1,1,94.2,193.8,1,1,0,1,1,0,1,0,0,0,1,0,0,1
0,1,1,7,1,0,1,0,1,1,0,1,1,71.35,515.75,0,0,1,1,0,1,0,1,0,0,1,0,0,1
0,0,0,15,1,0,0,1,0,0,1,0,1,83.2,1130.0,0,1,0,1,1,0,1,0,0,0,1,0,0,1
0,0,0,61,1,0,0,0,0,0,0,0,0,19.45,1336.35,0,1,0,0,0,0,1,0,0,0,0,1,0,0
0,1,0,63,1,0,1,1,0,1,1,0,0,70.8,4448.8,0,0,1,1,0,1,0,1,0,0,0,1,0,0
0,1,1,63,1,0,0,0,0,0,0,0,0,19.55,1245.6,0,0,1,0,0,0,0,0,0,1,0,0,1,0
1,1,0,72,1,1,1,1,1,1,0,0,1,93.05,6735.05,0,0,1,1,1,0,1,0,0,0,0,0,1,0
0,1,1,20,1,0,0,0,0,0,0,0,0,20.35,442.6,0,1,0,0,0,0,0,0,0,1,1,0,0,0
1,0,0,45,1,1,1,1,0,1,1,0,1,97.05,4385.05,0,1,0,1,1,0,0,0,1,0,1,0,0,1
0,1,1,13,1,0,0,0,0,0,0,0,0,20.85,272.35,0,1,0,0,0,0,0,0,0,1,0,0,1,0
1,0,0,24,1,1,0,1,0,0,0,0,0,54.8,1291.3,0,0,1,1,0,1,0,1,0,0,1,0,0,0
0,1,1,31,1,1,0,1,0,1,1,1,0,80.55,2471.6,0,1,0,1,0,1,1,0,0,0,0,0,1,1
0,1,1,38,1,0,0,0,0,0,0,0,1,19.95,756.4,0,1,0,0,0,0,0,0,0,1,0,0,1,0
0,0,1,2,1,0,0,0,0,0,0,0,0,20.4,42.9,0,0,1,0,0,0,0,0,0,1,1,0,0,0
0,1,1,72,1,0,0,0,0,0,0,0,0,20.3,1401.15,0,0,1,0,0,0,1,0,0,0,0,0,1,0
0,1,0,47,1,0,0,0,0,0,0,0,0,19.65,921.55,0,1,0,0,0,0,1,0,0,0,0,0,1,0
0,1,0,68,1,1,0,0,0,0,0,0,1,24.95,1614.9,0,1,0,0,0,0,0,1,0,0,0,0,1,0
0,1,1,21,0,0,0,0,0,0,0,0,1,26.05,565.75,0,0,1,1,0,1,0,0,1,0,1,0,0,0
0,1,1,34,1,0,1,1,1,0,0,0,1,60.8,2042.05,0,1,0,1,0,1,0,0,0,1,0,1,0,0
1,0,0,55,0,0,1,1,0,0,1,0,1,44.85,2479.05,0,0,1,1,0,1,0,0,1,0,1,0,0,0
0,0,0,2,1,0,0,0,0,0,0,0,1,20.45,42.45,0,1,0,0,0,0,0,0,0,1,1,0,0,0
0,0,0,3,1,0,0,0,0,0,0,0,0,20.7,57.5,0,0,1,0,0,0,0,0,0,1,1,0,0,1
0,1,0,1,1,0,0,0,0,0,1,0,1,55.3,55.3,0,1,0,1,0,1,0,0,0,1,1,0,0,1
0,0,0,8,1,0,0,1,0,1,1,0,1,65.45,554.45,0,1,0,1,0,1,0,0,1,0,1,0,0,1
0,0,0,54,1,1,0,1,0,0,0,0,1,79.85,4308.25,0,0,1,1,1,0,1,0,0,0,1,0,0,0
0,0,0,22,1,0,1,0,0,1,0,1,1,89.05,1886.25,0,1,0,1,1,0,0,0,1,0,1,0,0,0
0,1,0,57,0,0,0,1,1,1,1,1,1,57.5,3265.95,0,0,1,1,0,1,1,0,0,0,0,0,1,0
0,0,1,1,1,0,0,0,0,1,0,0,1,49.9,49.9,1,0,1,1,0,1,0,0,0,1,1,0,0,0
0,0,0,45,1,1,0,1,0,0,1,0,1,89.3,4016.85,1,1,0,1,1,0,0,1,0,0,1,0,0,1
0,0,0,1,0,0,0,0,0,0,0,0,0,24.6,24.6,1,1,0,1,0,1,0,0,1,0,1,0,0,1
0,1,1,13,1,1,0,0,0,0,0,0,1,74.4,896.75,1,0,1,1,1,0,0,1,0,0,1,0,0,0
0,0,0,1,0,0,0,1,0,1,0,1,1,44.65,44.65,1,0,1,1,0,1,0,0,0,1,1,0,0,0
0,0,1,23,1,0,0,0,0,0,0,0,0,19.8,465.45,0,0,1,0,0,0,0,0,0,1,0,1,0,0
0,0,0,8,1,0,0,0,0,0,0,0,1,70.1,551.35,1,0,1,1,1,0,0,0,0,1,1,0,0,0
0,1,0,43,1,0,1,0,1,1,0,0,1,84.25,3539.25,0,0,1,1,1,0,1,0,0,0,0,1,0,0
0,0,0,52,1,0,0,0,0,0,0,0,0,21.0,1107.2,0,0,1,0,0,0,1,0,0,0,0,0,1,0
0,0,1,30,1,0,0,1,1,0,1,0,0,64.5,1929.95,0,0,1,1,0,1,0,1,0,0,0,1,0,0
0,0,0,4,1,0,0,1,0,0,0,0,1,76.65,333.6,1,1,0,1,1,0,1,0,0,0,1,0,0,1
1,1,1,20,1,0,1,0,1,1,0,1,0,94.3,1818.3,0,0,1,1,1,0,0,1,0,0,0,1,0,1
0,1,0,58,1,0,1,1,0,0,1,0,1,65.25,3791.6,0,1,0,1,0,1,0,1,0,0,1,0,0,0
0,0,0,70,1,1,1,1,1,1,1,1,1,111.95,7795.95,0,1,0,1,1,0,0,1,0,0,0,0,1,0
1,0,0,68,1,1,0,1,1,0,0,1,1,95.9,6503.2,0,0,1,1,1,0,0,0,1,0,1,0,0,0
0,1,1,19,1,1,0,0,0,0,0,0,1,24.9,467.7,0,1,0,0,0,0,1,0,0,0,0,0,1,0
1,1,0,60,1,1,0,1,0,0,0,1,0,89.45,5294.6,0,1,0,1,1,0,0,0,1,0,1,0,0,0
1,0,0,66,1,1,0,1,1,1,1,1,0,110.9,7432.05,1,0,1,1,1,0,0,1,0,0,0,1,0,0
0,0,0,2,0,0,0,0,0,0,0,0,1,24.9,49.7,0,0,1,1,0,1,0,1,0,0,1,0,0,0
0,0,0,53,1,0,1,1,1,1,0,1,0,99.5,5424.25,0,1,0,1,1,0,0,0,0,1,0,0,1,0
0,0,1,37,1,0,0,0,0,0,0,0,0,20.3,755.4,0,1,0,0,0,0,1,0,0,0,0,1,0,0
0,1,1,22,1,0,0,1,0,1,0,0,0,55.15,1206.05,1,1,0,1,0,1,0,0,1,0,1,0,0,0
0,0,0,18,1,1,0,0,0,1,1,1,1,99.85,1776.95,1,1,0,1,1,0,1,0,0,0,1,0,0,1
0,1,1,71,1,0,0,0,0,0,0,0,0,19.9,1397.3,0,1,0,0,0,0,0,1,0,0,0,0,1,0
0,1,0,63,1,0,1,1,1,1,1,1,1,110.1,6705.7,0,0,1,1,1,0,0,1,0,0,0,0,1,1
0,1,0,64,1,0,1,1,0,1,1,1,1,104.05,6605.55,0,0,1,1,1,0,0,1,0,0,0,0,1,0
0,0,0,43,1,1,0,0,0,1,1,1,1,100.0,4211.55,1,0,1,1,1,0,0,0,1,0,0,1,0,0
1,1,0,2,1,0,0,0,1,0,1,1,1,95.5,181.65,0,0,1,1,1,0,0,1,0,0,1,0,0,1
0,0,0,31,1,0,0,0,1,1,1,1,0,99.45,3109.9,0,0,1,1,1,0,1,0,0,0,0,0,1,0
0,0,0,7,1,0,0,0,1,0,0,0,0,74.65,544.55,1,0,1,1,1,0,0,0,0,1,1,0,0,1
0,0,0,34,1,1,0,1,0,1,1,1,1,105.35,3540.65,0,0,1,1,1,0,0,0,1,0,1,0,0,0
0,0,0,64,1,1,0,0,0,0,0,0,1,24.4,1601.2,0,1,0,0,0,0,1,0,0,0,0,1,0,0
1,1,0,24,1,0,0,0,1,0,1,1,1,93.15,2231.05,1,0,1,1,1,0,0,0,1,0,1,0,0,0
0,1,1,52,1,0,1,1,1,0,1,1,0,79.2,4016.3,0,0,1,1,0,1,0,0,1,0,0,0,1,1
0,0,1,35,1,0,0,0,0,1,1,1,1,72.1,2495.15,0,0,1,1,0,1,0,0,0,1,0,1,0,0
0,0,0,12,0,0,0,1,1,1,1,1,0,60.65,743.3,0,1,0,1,0,1,0,0,1,0,0,1,0,0
0,0,0,32,1,0,0,0,0,0,1,1,1,64.85,2010.95,0,0,1,1,0,1,1,0,0,0,0,1,0,0
0,1,0,22,1,0,1,1,0,1,1,1,1,104.6,2180.55,0,0,1,1,1,0,0,0,1,0,1,0,0,0
0,0,0,7,1,1,1,0,0,0,0,0,1,79.65,604.7,1,1,0,1,1,0,0,0,0,1,1,0,0,1
1,1,0,4,1,1,1,0,0,0,1,1,1,99.6,347.65,1,1,0,1,1,0,0,0,1,0,1,0,0,0
0,0,0,3,1,0,0,0,0,0,0,0,1,70.3,220.4,0,0,1,1,1,0,0,0,0,1,1,0,0,0
0,0,0,31,1,0,0,1,0,1,0,0,1,78.45,2435.15,1,0,1,1,1,0,0,0,1,0,1,0,0,0
0,1,0,66,1,1,0,1,1,0,1,1,1,105.2,6936.85,0,1,0,1,1,0,0,0,1,0,1,0,0,1
0,1,1,56,1,1,0,0,0,0,0,0,1,24.45,1431.65,0,0,1,0,0,0,0,0,0,1,0,1,0,0
0,1,1,52,1,1,0,1,1,0,1,0,1,95.7,4976.15,0,1,0,1,1,0,0,1,0,0,0,1,0,1
0,1,0,16,1,1,1,1,1,0,0,0,0,90.7,1374.9,0,1,0,1,1,0,0,0,1,0,1,0,0,0
0,1,1,38,1,0,0,0,0,0,0,0,0,20.45,781.25,0,1,0,0,0,0,0,0,0,1,1,0,0,0
0,0,0,1,1,0,0,0,0,0,0,0,1,20.15,20.15,1,1,0,0,0,0,0,0,0,1,1,0,0,0
0,1,1,18,1,0,0,0,0,0,0,0,0,20.05,345.9,0,0,1,0,0,0,1,0,0,0,0,1,0,0
0,1,0,32,1,0,0,1,0,0,0,1,0,84.15,2585.95,1,1,0,1,1,0,1,0,0,0,1,0,0,0
0,0,0,1,1,0,0,0,0,0,0,0,0,43.95,43.95,1,1,0,1,0,1,0,0,0,1,1,0,0,1
0,1,1,22,1,0,1,0,0,0,0,0,0,75.0,1573.95,0,0,1,1,1,0,1,0,0,0,1,0,0,0
0,0,0,1,1,0,0,0,0,0,0,0,0,19.55,19.55,0,0,1,0,0,0,0,0,0,1,1,0,0,1
0,0,0,19,1,1,0,0,0,0,1,1,0,69.6,1394.55,0,0,1,1,0,1,0,0,0,1,1,0,0,1
0,0,0,52,1,1,1,0,1,1,1,0,0,74.0,3877.65,0,1,0,1,0,1,0,1,0,0,0,1,0,0
0,1,0,42,1,1,0,0,1,1,0,0,1,84.3,3588.4,1,1,0,1,1,0,0,0,1,0,1,0,0,0
1,1,1,66,1,1,1,1,1,1,1,1,1,116.25,7862.25,0,0,1,1,1,0,0,0,1,0,0,1,0,1
0,1,0,32,1,0,1,1,0,1,0,1,0,70.5,2201.75,0,0,1,1,0,1,0,0,0,1,0,1,0,0
0,1,0,1,1,0,0,0,0,0,0,0,0,70.0,70.0,1,0,1,1,1,0,0,0,1,0,1,0,0,1
1,1,0,43,1,1,0,1,0,0,1,1,1,101.0,4388.4,1,0,1,1,1,0,0,0,1,0,1,0,0,1
0,0,0,25,1,0,1,0,1,1,1,1,1,105.5,2686.05,0,0,1,1,1,0,0,0,1,0,1,0,0,0
0,1,1,35,1,0,0,0,0,0,0,0,0,20.1,655.3,0,0,1,0,0,0,0,0,0,1,0,0,1,0
0,1,0,35,1,0,0,1,0,1,0,0,0,56.85,1861.1,0,1,0,1,0,1,0,0,1,0,1,0,0,0
0,1,0,65,1,1,1,1,1,0,0,0,0,67.05,4309.55,0,0,1,1,0,1,0,1,0,0,0,1,0,0
0,1,0,49,0,0,1,0,0,0,1,0,0,40.65,2070.75,0,1,0,1,0,1,1,0,0,0,1,0,0,0
0,0,0,71,1,1,1,1,1,0,1,1,1,106.75,7283.25,0,1,0,1,1,0,0,1,0,0,0,0,1,0
0,0,0,1,1,0,0,0,0,0,0,0,0,20.35,20.35,0,1,0,0,0,0,0,0,0,1,1,0,0,0
0,1,0,7,1,0,0,0,0,0,0,0,1,69.2,477.55,0,1,0,1,1,0,1,0,0,0,1,0,0,0
0,0,0,3,1,1,0,0,0,0,0,0,1,50.65,151.3,1,1,0,1,0,1,0,0,0,1,1,0,0,0
1,0,0,36,1,1,1,0,0,0,1,0,1,90.85,3186.7,1,0,1,1,1,0,0,0,1,0,1,0,0,0
1,1,1,72,1,0,1,0,1,1,1,1,1,104.1,7447.7,0,0,1,1,1,0,0,1,0,0,0,0,1,0
0,0,0,2,1,0,0,0,0,0,0,0,0,46.05,80.35,1,0,1,1,0,1,1,0,0,0,1,0,0,1
0,1,0,1,1,0,0,0,0,0,0,0,1,20.3,20.3,0,1,0,0,0,0,1,0,0,0,1,0,0,0
1,1,0,42,1,1,0,0,0,0,1,1,1,95.05,3944.5,0,1,0,1,1,0,0,0,1,0,1,0,0,1
0,0,0,2,1,0,0,0,0,0,0,0,1,46.6,87.9,0,0,1,1,0,1,1,0,0,0,1,0,0,1
0,1,0,15,1,0,0,0,0,0,1,1,0,88.15,1390.6,1,1,0,1,1,0,0,0,1,0,1,0,0,0
0,0,0,4,1,0,0,0,0,0,0,0,1,70.05,266.9,1,1,0,1,1,0,0,1,0,0,1,0,0,1
1,1,0,72,1,1,0,0,0,0,0,0,1,25.0,1802.55,0,0,1,0,0,0,1,0,0,0,0,0,1,0
1,0,0,56,1,1,0,0,1,0,1,1,1,101.05,5594.0,0,0,1,1,1,0,0,0,1,0,1,0,0,0
0,0,0,1,1,0,0,0,0,0,1,1,1,62.8,62.8,0,0,1,1,0,1,0,0,0,1,1,0,0,1
0,0,0,65,0,0,1,0,1,1,1,1,0,59.95,3921.1,0,1,0,1,0,1,0,1,0,0,0,0,1,0
0,0,0,72,1,1,0,1,1,1,1,1,1,111.6,8012.75,0,1,0,1,1,0,1,0,0,0,0,0,1,0
0,1,0,72,1,1,1,1,1,1,1,1,1,114.1,8086.4,0,0,1,1,1,0,0,1,0,0,0,0,1,1
0,1,0,56,1,0,0,0,0,0,0,1,1,80.9,4557.5,0,0,1,1,1,0,0,0,1,0,0,1,0,0
0,1,0,63,1,1,0,0,1,0,1,1,0,102.6,6296.75,0,0,1,1,1,0,0,0,1,0,0,0,1,1
0,1,1,24,0,0,1,1,1,0,1,1,0,57.6,1367.75,0,1,0,1,0,1,0,0,1,0,0,1,0,0
1,1,0,33,0,0,0,1,1,1,1,0,1,50.0,1750.85,0,0,1,1,0,1,0,0,1,0,1,0,0,0
0,1,1,42,1,0,1,1,0,0,0,0,0,54.5,2301.15,0,0,1,1,0,1,0,0,0,1,1,0,0,0
0,1,1,66,1,0,0,0,0,1,0,0,1,49.4,3251.85,0,1,0,1,0,1,0,1,0,0,0,1,0,0
0,0,0,21,1,0,0,0,1,0,0,1,0,61.65,1393.6,0,0,1,1,0,1,0,0,0,1,1,0,0,0
0,0,1,39,1,1,0,0,0,0,0,0,0,25.0,1004.35,0,0,1,0,0,0,0,0,0,1,0,0,1,0
1,0,0,2,1,0,0,0,0,0,0,0,1,69.6,131.65,1,1,0,1,1,0,0,0,1,0,1,0,0,0
0,0,0,61,1,1,1,0,1,1,1,1,1,111.6,6876.05,1,0,1,1,1,0,0,1,0,0,0,0,1,0
0,0,1,12,1,0,0,0,0,0,0,0,0,19.35,212.3,0,0,1,0,0,0,1,0,0,0,0,0,1,1
0,1,0,68,1,0,1,1,0,1,1,1,1,79.6,5515.8,0,1,0,1,0,1,1,0,0,0,0,0,1,0
1,1,0,68,1,0,0,1,1,1,0,0,1,60.65,3975.9,0,1,0,1,0,1,1,0,0,0,0,1,0,0
0,0,0,33,1,1,1,1,0,0,0,0,1,60.9,2033.85,0,1,0,1,0,1,0,0,0,1,1,0,0,0
0,0,1,35,1,0,0,0,0,0,0,0,1,20.1,644.5,0,1,0,0,0,0,0,1,0,0,0,1,0,0
0,1,0,52,0,0,1,0,1,0,0,0,0,35.45,1958.95,0,1,0,1,0,1,0,0,0,1,0,1,0,0
0,1,1,12,1,0,0,0,0,0,0,0,0,20.3,224.5,0,1,0,0,0,0,1,0,0,0,0,0,1,0
0,0,0,69,1,1,1,1,1,1,1,1,0,90.65,6322.1,0,0,1,1,0,1,0,0,0,1,0,0,1,0
0,1,1,59,1,0,0,1,0,1,1,1,1,75.95,4542.35,0,1,0,1,0,1,0,1,0,0,0,0,1,0
0,0,0,72,0,0,1,1,1,1,1,1,1,65.6,4566.5,0,0,1,1,0,1,1,0,0,0,0,0,1,0
0,0,0,1,1,0,0,0,0,0,0,0,0,19.55,19.55,0,1,0,0,0,0,0,0,0,1,1,0,0,0
0,0,0,13,1,0,0,0,0,0,1,0,1,81.9,1028.9,0,1,0,1,1,0,0,0,0,1,1,0,0,0
0,0,0,35,1,1,1,1,1,1,0,0,1,96.75,3403.4,0,0,1,1,1,0,0,0,0,1,1,0,0,0
0,0,0,37,1,1,0,1,0,1,1,1,1,104.5,3778.0,0,0,1,1,1,0,0,1,0,0,0,1,0,1
0,1,0,13,1,1,0,0,1,0,1,1,1,102.25,1359.0,1,0,1,1,1,0,0,1,0,0,1,0,0,0
0,0,0,4,1,0,0,0,0,0,0,0,0,19.75,78.3,0,0,1,0,0,0,0,0,0,1,1,0,0,0
1,0,0,59,1,1,0,0,1,0,1,1,1,99.5,5890.0,0,1,0,1,1,0,0,0,1,0,0,1,0,0
0,0,0,68,1,0,0,1,1,0,0,0,0,79.6,5461.45,0,0,1,1,1,0,0,1,0,0,0,1,0,1
0,0,0,2,1,0,0,0,0,0,0,0,1,19.65,38.8,0,0,1,0,0,0,0,0,0,1,1,0,0,0
0,0,0,1,1,0,0,0,0,0,0,0,0,20.2,20.2,0,0,1,0,0,0,1,0,0,0,1,0,0,1
0,1,0,2,1,0,0,1,1,0,0,0,0,79.7,165.0,1,1,0,1,1,0,1,0,0,0,1,0,0,0
0,0,0,1,1,0,0,0,0,1,0,0,1,49.3,49.3,0,0,1,1,0,1,0,0,1,0,1,0,0,0
0,1,1,71,1,0,0,0,0,0,0,0,1,19.6,1387.45,0,0,1,0,0,0,1,0,0,0,0,0,1,0
0,1,1,72,1,1,1,1,1,1,1,1,1,90.8,6397.6,0,0,1,1,0,1,0,1,0,0,0,0,1,0
1,0,0,39,1,1,0,0,1,0,1,1,1,99.75,4036.0,0,1,0,1,1,0,0,0,1,0,1,0,0,1
0,0,0,4,1,0,0,0,0,0,0,0,1,70.2,237.95,1,0,1,1,1,0,0,0,1,0,1,0,0,0
0,1,0,72,1,1,1,1,1,0,1,1,1,82.65,5919.35,0,1,0,1,0,1,0,1,0,0,0,0,1,0
0,0,1,26,0,0,0,0,1,0,0,0,1,29.8,786.5,0,1,0,1,0,1,0,0,0,1,1,0,0,0
0,1,1,22,1,0,0,1,0,0,1,1,1,69.5,1498.2,1,1,0,1,0,1,1,0,0,0,0,1,0,0
0,1,1,55,1,1,1,0,1,1,1,1,1,85.1,4657.95,0,1,0,1,0,1,1,0,0,0,0,0,1,0
0,1,1,59,1,0,0,0,0,0,0,0,0,19.3,1192.7,0,0,1,0,0,0,0,1,0,0,0,0,1,0
1,1,0,72,1,1,1,1,1,1,1,1,1,116.05,8404.9,0,0,1,1,1,0,1,0,0,0,0,0,1,0
0,1,1,50,1,1,0,0,0,0,1,0,1,84.4,4116.15,1,1,0,1,1,0,1,0,0,0,1,0,0,0
0,0,0,39,1,1,0,0,0,0,0,0,1,73.15,2730.85,0,0,1,1,1,0,0,1,0,0,1,0,0,0
0,1,1,18,1,0,1,0,1,0,1,0,1,87.9,1500.5,0,0,1,1,1,0,0,0,0,1,1,0,0,1
0,0,0,44,1,0,0,0,0,0,0,0,0,20.05,845.25,0,0,1,0,0,0,0,0,0,1,0,0,1,0
1,1,0,31,1,1,0,0,0,0,0,1,1,84.85,2633.4,0,1,0,1,1,0,0,0,1,0,1,0,0,0
0,0,1,26,0,0,0,1,0,0,1,0,1,39.95,1023.75,0,0,1,1,0,1,1,0,0,0,0,1,0,0
0,1,1,43,1,1,0,0,1,1,1,1,1,104.3,4451.85,0,0,1,1,1,0,0,1,0,0,0,1,0,0
0,1,0,53,1,1,0,1,0,1,0,1,0,97.75,5043.2,0,0,1,1,1,0,1,0,0,0,0,1,0,0
0,1,1,4,1,1,0,0,1,0,1,1,0,101.15,385.9,1,0,1,1,1,0,0,0,1,0,1,0,0,0
0,1,0,69,1,1,0,0,1,1,1,1,0,105.35,7240.65,0,1,0,1,1,0,1,0,0,0,0,0,1,0
0,0,0,54,1,0,0,0,0,0,0,0,0,20.1,1079.45,0,1,0,0,0,0,0,0,0,1,0,0,1,0
0,0,0,27,1,0,0,1,0,1,0,0,1,56.15,1439.35,0,1,0,1,0,1,0,0,0,1,1,0,0,0
0,0,0,54,1,1,0,1,1,1,1,1,0,111.1,6014.85,1,1,0,1,1,0,0,0,1,0,1,0,0,0
0,0,0,11,1,1,0,0,1,0,1,1,1,100.75,1129.75,1,1,0,1,1,0,0,0,1,0,1,0,0,1
0,0,0,2,1,0,0,0,0,0,0,0,0,45.85,81.0,1,0,1,1,0,1,0,0,0,1,1,0,0,1
0,1,0,62,1,0,0,1,1,1,0,0,1,60.15,3753.2,0,0,1,1,0,1,0,1,0,0,0,0,1,0
0,0,0,21,1,0,0,0,0,0,0,0,0,20.0,417.7,0,0,1,0,0,0,0,0,0,1,1,0,0,0
0,0,0,47,1,0,0,0,1,1,1,1,0,74.45,3510.3,0,1,0,1,0,1,0,0,0,1,0,0,1,0
0,1,0,72,1,1,1,1,1,1,1,0,1,103.95,7556.9,0,1,0,1,1,0,1,0,0,0,0,0,1,0
0,0,0,66,1,1,1,1,1,1,0,1,1,103.1,6595.0,0,1,0,1,1,0,1,0,0,0,1,0,0,0
0,1,1,30,1,0,0,1,1,0,0,0,0,82.05,2570.2,0,0,1,1,1,0,1,0,0,0,1,0,0,0
0,0,0,12,0,0,1,1,0,1,1,0,1,50.95,605.75,0,0,1,1,0,1,1,0,0,0,1,0,0,0
0,0,0,15,1,0,1,0,1,1,1,1,0,105.1,1582.75,1,1,0,1,1,0,0,0,1,0,1,0,0,0
0,0,0,11,1,0,0,0,0,0,0,0,1,44.65,472.25,0,1,0,1,0,1,0,0,0,1,1,0,0,1
0,0,0,3,1,0,0,0,1,1,1,1,1,98.7,293.65,1,0,1,1,1,0,0,0,1,0,1,0,0,1
0,0,1,38,1,1,0,1,0,0,0,0,1,81.85,3141.7,0,0,1,1,1,0,0,0,0,1,1,0,0,1
0,1,0,24,1,0,0,0,0,0,0,0,0,20.4,482.8,0,1,0,0,0,0,0,1,0,0,0,1,0,0
0,1,0,45,1,1,0,1,1,0,1,1,1,107.75,4882.8,0,0,1,1,1,0,1,0,0,0,1,0,0,1
0,0,0,6,1,0,0,0,0,1,0,0,0,50.05,288.35,0,0,1,1,0,1,0,0,0,1,1,0,0,0
0,1,1,12,1,0,0,0,0,0,0,0,0,19.8,229.6,1,1,0,0,0,0,1,0,0,0,0,1,0,0
0,0,0,1,1,0,0,1,0,0,1,0,0,84.3,84.3,1,1,0,1,1,0,0,0,1,0,1,0,0,1
0,0,0,49,1,0,0,0,0,0,0,0,1,19.9,1022.6,0,0,1,0,0,0,0,1,0,0,0,0,1,0
0,0,0,9,1,0,0,0,1,0,1,1,1,94.05,811.65,0,0,1,1,1,0,0,0,1,0,1,0,0,1
0,1,1,59,1,1,1,0,1,1,1,0,1,76.45,4519.5,0,1,0,1,0,1,0,0,0,1,0,0,1,0
0,1,0,70,1,1,0,1,1,0,1,0,1,95.0,6602.9,0,0,1,1,1,0,1,0,0,0,0,1,0,0
1,0,0,66,1,1,1,1,0,1,0,0,1,63.85,4174.35,0,1,0,1,0,1,0,1,0,0,0,1,0,0
0,1,1,25,1,1,0,0,0,0,1,0,0,60.35,1404.65,0,0,1,1,0,1,0,0,1,0,1,0,0,0
0,1,1,47,1,0,1,1,1,0,0,1,1,96.1,4391.45,0,0,1,1,1,0,0,0,1,0,0,1,0,1
0,0,0,22,1,1,1,0,0,1,0,0,1,59.05,1253.5,0,1,0,1,0,1,0,0,0,1,1,0,0,0
0,1,1,31,1,1,1,0,1,1,0,0,0,89.3,2823.0,0,0,1,1,1,0,0,0,1,0,1,0,0,0
0,0,0,3,1,1,0,0,1,0,1,1,1,101.55,298.35,1,0,1,1,1,0,1,0,0,0,1,0,0,1
0,1,0,72,1,1,1,1,1,1,0,0,1,94.25,6849.75,0,1,0,1,1,0,1,0,0,0,0,0,1,0
0,1,0,1,1,0,0,0,0,0,1,0,0,55.2,55.2,1,1,0,1,0,1,0,0,0,1,1,0,0,1
0,1,1,72,1,1,0,0,0,0,0,0,0,26.1,1851.45,0,0,1,0,0,0,0,0,0,1,0,0,1,0
0,1,0,69,1,1,1,0,0,0,1,1,0,99.15,6875.35,0,1,0,1,1,0,1,0,0,0,0,0,1,1
0,1,0,35,1,1,0,1,0,1,1,0,1,69.0,2441.7,0,0,1,1,0,1,0,0,1,0,0,1,0,0
0,0,0,10,1,0,0,0,0,0,0,0,0,19.5,225.85,0,0,1,0,0,0,0,0,0,1,0,1,0,0
1,1,0,47,1,1,1,1,1,0,0,0,1,67.45,3252.0,0,1,0,1,0,1,0,1,0,0,1,0,0,0
0,0,0,66,1,1,0,0,0,0,0,0,0,25.45,1699.15,0,0,1,0,0,0,1,0,0,0,0,1,0,0
0,1,1,59,1,0,0,0,0,0,0,0,0,19.5,1147.85,0,0,1,0,0,0,0,0,0,1,0,0,1,0
0,1,0,9,0,0,0,0,0,0,0,0,0,24.1,259.8,1,0,1,1,0,1,1,0,0,0,0,1,0,0
0,1,1,35,1,0,0,0,0,0,0,0,0,19.6,686.95,0,0,1,0,0,0,0,0,0,1,0,0,1,0
0,0,0,44,1,1,1,1,1,0,1,1,1,111.5,4915.15,0,0,1,1,1,0,0,0,1,0,1,0,0,0
1,1,0,9,1,0,0,0,0,0,0,0,0,19.85,183.15,0,0,1,0,0,0,0,1,0,0,0,1,0,0
0,1,0,33,1,1,0,1,1,0,1,1,1,104.4,3409.6,1,1,0,1,1,0,0,0,1,0,1,0,0,0
0,0,0,13,0,0,0,1,0,0,0,0,1,31.65,389.95,0,1,0,1,0,1,0,0,1,0,1,0,0,0
0,0,0,9,1,0,0,1,0,1,1,0,0,66.25,620.55,1,1,0,1,0,1,0,0,0,1,1,0,0,0
0,1,1,46,1,0,1,0,1,1,1,1,0,81.0,3846.35,0,0,1,1,0,1,0,0,0,1,0,0,1,0
0,1,1,69,1,0,0,0,0,0,0,0,0,19.8,1436.95,0,1,0,0,0,0,0,1,0,0,0,0,1,0
0,0,0,26,1,0,0,0,0,0,0,0,1,20.3,511.25,0,0,1,0,0,0,0,0,1,0,1,0,0,0
0,0,0,13,1,0,0,0,0,0,0,0,1,19.95,253.8,0,0,1,0,0,0,0,0,1,0,0,1,0,0
0,1,0,72,1,1,1,1,1,0,1,1,1,110.65,8065.65,0,1,0,1,1,0,0,1,0,0,0,0,1,0
1,1,0,16,1,0,0,0,1,1,0,1,1,91.55,1540.05,0,0,1,1,1,0,0,0,1,0,1,0,0,1
0,0,1,27,1,1,0,0,0,1,0,0,1,79.5,2180.55,1,0,1,1,1,0,0,0,1,0,1,0,0,0
0,1,1,69,1,1,1,0,1,1,0,0,1,64.15,4254.1,0,1,0,1,0,1,0,1,0,0,0,0,1,0
0,1,1,5,1,1,0,0,0,0,0,0,1,24.3,132.25,0,1,0,0,0,0,0,0,0,1,1,0,0,0
0,0,0,25,1,0,0,0,0,0,0,0,0,19.9,510.8,0,0,1,0,0,0,0,1,0,0,0,1,0,0
0,1,0,1,1,0,1,1,0,0,0,0,1,53.55,53.55,0,1,0,1,0,1,0,0,0,1,1,0,0,1
0,1,1,35,0,0,0,0,0,1,1,0,0,40.9,1383.6,0,1,0,1,0,1,0,0,0,1,0,1,0,0
1,1,1,68,1,1,0,0,1,1,1,1,1,107.15,7379.8,0,0,1,1,1,0,0,1,0,0,0,1,0,0
1,0,0,3,1,0,0,0,0,0,0,0,1,70.3,235.5,1,1,0,1,1,0,0,0,1,0,1,0,0,0
0,0,0,35,1,0,1,1,1,0,0,0,0,61.2,2021.2,0,0,1,1,0,1,0,0,0,1,0,1,0,0
0,1,1,70,1,0,0,0,0,0,0,0,0,20.05,1360.25,0,0,1,0,0,0,0,1,0,0,0,0,1,0
0,0,0,9,1,0,0,0,0,0,0,0,0,20.15,238.15,0,1,0,0,0,0,1,0,0,0,1,0,0,0
0,0,0,11,1,1,0,0,1,0,1,1,1,97.85,1105.4,1,1,0,1,1,0,1,0,0,0,1,0,0,1
0,0,0,50,1,0,0,0,0,0,0,0,0,19.4,1023.95,0,1,0,0,0,0,0,1,0,0,0,0,1,0
0,0,0,39,1,0,0,0,0,0,0,0,0,19.9,791.15,0,0,1,0,0,0,0,0,0,1,0,1,0,0
0,0,0,72,1,0,0,0,0,0,0,0,1,20.8,1521.2,0,0,1,0,0,0,0,0,0,1,0,0,1,0
1,1,0,51,1,1,1,0,1,0,0,1,1,93.65,4839.15,0,0,1,1,1,0,1,0,0,0,0,1,0,0
0,0,0,1,1,0,0,0,0,0,0,0,1,20.2,20.2,1,1,0,0,0,0,0,0,0,1,1,0,0,0
0,1,0,42,1,1,1,0,0,1,1,1,0,80.45,3375.9,0,0,1,1,0,1,0,1,0,0,0,1,0,0
0,1,1,7,1,0,0,0,0,0,0,0,0,20.25,144.35,0,0,1,0,0,0,0,0,0,1,1,0,0,0
1,0,0,42,1,1,0,1,0,0,0,0,1,79.35,3344.1,0,0,1,1,1,0,1,0,0,0,1,0,0,0
1,1,1,62,1,1,0,1,1,0,0,1,1,96.1,6019.35,0,1,0,1,1,0,0,1,0,0,1,0,0,0
0,1,1,49,1,1,0,0,0,1,1,1,1,97.95,4917.9,0,0,1,1,1,0,0,0,1,0,0,1,0,0
0,0,0,8,0,0,1,0,0,0,0,0,0,29.35,216.45,0,0,1,1,0,1,0,0,0,1,1,0,0,1
0,1,0,47,1,1,0,1,1,0,0,0,1,83.35,4065.0,1,0,1,1,1,0,1,0,0,0,1,0,0,0
0,0,0,1,1,1,0,0,0,0,0,0,1,75.3,75.3,1,0,1,1,1,0,0,0,1,0,1,0,0,1
0,0,0,19,0,0,0,0,1,0,1,0,1,39.65,733.35,1,0,1,1,0,1,0,0,1,0,1,0,0,0
0,0,0,46,0,0,1,0,1,1,1,1,1,60.75,2893.4,0,0,1,1,0,1,1,0,0,0,0,0,1,0
0,0,0,50,1,1,0,0,1,1,0,1,0,69.5,3418.2,0,0,1,1,0,1,1,0,0,0,0,0,1,0
0,0,0,35,0,0,0,0,1,0,1,1,0,49.2,1701.65,0,0,1,1,0,1,0,0,1,0,1,0,0,1
0,0,0,34,1,1,1,1,1,1,1,1,0,116.25,3899.05,0,0,1,1,1,0,0,1,0,0,0,1,0,0
0,0,0,52,1,1,1,0,0,1,1,1,1,79.75,4217.8,0,0,1,1,0,1,0,1,0,0,0,0,1,0
0,1,0,20,1,0,0,0,0,0,0,0,1,69.8,1540.35,0,1,0,1,1,0,1,0,0,0,1,0,0,1
0,1,0,43,1,0,1,1,1,0,0,0,1,86.1,3551.65,0,0,1,1,1,0,0,1,0,0,1,0,0,0
0,1,1,64,1,1,1,1,1,1,1,1,1,90.6,5817.45,0,1,0,1,0,1,0,0,0,1,0,0,1,1
0,1,0,71,1,1,1,1,1,1,1,1,0,93.2,6506.15,0,1,0,1,0,1,0,1,0,0,0,0,1,0
1,0,0,50,1,1,1,1,0,0,1,0,1,70.35,3454.6,0,0,1,1,0,1,1,0,0,0,1,0,0,0
1,1,0,71,1,1,1,1,1,1,0,1,1,82.7,5831.2,0,1,0,1,0,1,1,0,0,0,0,0,1,0
1,1,0,65,1,1,0,1,1,0,1,1,1,106.25,6979.8,1,1,0,1,1,0,0,0,1,0,0,1,0,0
0,1,1,1,1,0,0,0,0,0,0,0,0,19.9,19.9,1,0,1,0,0,0,0,0,0,1,1,0,0,1
0,0,0,38,1,0,0,0,0,0,0,0,0,20.1,730.1,0,0,1,0,0,0,0,0,0,1,0,1,0,0
0,1,1,72,1,1,1,1,1,1,0,0,0,69.85,5102.35,0,0,1,1,0,1,1,0,0,0,0,0,1,0
1,0,0,2,1,0,0,1,0,0,0,0,1,74.7,165.4,1,0,1,1,1,0,0,0,1,0,1,0,0,1
0,0,1,15,1,0,0,0,0,0,0,0,0,69.0,994.8,1,1,0,1,1,0,1,0,0,0,1,0,0,0
0,1,1,63,1,0,0,0,0,0,0,0,0,20.0,1209.25,0,1,0,0,0,0,0,1,0,0,0,0,1,0
0,1,0,45,1,1,1,0,1,0,0,0,1,84.55,3713.95,0,0,1,1,1,0,0,0,0,1,1,0,0,0
0,0,0,1,1,0,0,0,0,0,0,0,1,19.75,19.75,0,0,1,0,0,0,0,0,0,1,1,0,0,0
0,1,1,65,1,1,0,1,1,0,1,1,1,105.5,6985.65,1,1,0,1,1,0,0,0,1,0,1,0,0,0
0,0,0,28,1,0,1,1,0,1,0,0,1,59.9,1654.7,0,1,0,1,0,1,0,0,1,0,0,1,0,0
1,0,0,22,1,0,0,0,0,0,0,0,1,20.05,417.0,0,1,0,0,0,0,0,0,0,1,0,1,0,0
0,1,0,65,1,1,1,1,1,0,1,0,1,99.35,6347.55,0,0,1,1,1,0,0,0,1,0,0,0,1,0
1,0,0,26,1,0,0,0,0,0,1,1,1,91.25,2351.8,1,1,0,1,1,0,0,0,1,0,1,0,0,0
0,0,0,3,1,0,0,0,0,0,0,0,1,45.35,141.5,1,0,1,1,0,1,0,0,1,0,1,0,0,1
0,1,0,18,1,0,1,0,0,0,0,0,0,74.8,1438.05,0,1,0,1,1,0,0,0,1,0,1,0,0,1
0,1,1,5,1,0,0,0,0,0,0,0,0,20.55,99.45,0,0,1,0,0,0,0,0,1,0,0,1,0,0
0,1,1,1,1,1,1,0,1,0,1,1,1,102.45,102.45,1,1,0,1,1,0,0,0,1,0,1,0,0,1
1,1,0,17,1,0,0,0,0,0,0,1,0,81.5,1329.2,1,0,1,1,1,0,1,0,0,0,1,0,0,0
0,0,0,13,1,0,0,0,0,0,0,0,0,19.65,244.8,0,1,0,0,0,0,0,0,1,0,0,1,0,0
1,1,0,39,1,1,0,1,1,0,1,1,1,105.65,4284.8,1,0,1,1,1,0,0,0,1,0,1,0,0,0
0,1,0,60,1,1,0,1,1,1,1,1,1,110.8,6640.7,0,1,0,1,1,0,0,1,0,0,0,0,1,0
0,0,0,54,1,0,1,1,0,1,1,1,1,105.4,5643.4,1,0,1,1,1,0,0,1,0,0,0,1,0,0
0,1,1,28,1,1,0,0,0,1,0,1,1,90.45,2509.25,0,1,0,1,1,0,0,0,1,0,0,1,0,0
0,0,0,48,1,1,0,0,0,0,0,0,0,24.0,1183.05,0,1,0,0,0,0,0,1,0,0,0,0,1,0
0,0,0,30,1,1,1,0,0,0,0,1,1,64.5,1888.45,0,0,1,1,0,1,0,0,0,1,1,0,0,0
1,1,0,62,1,1,0,1,0,0,0,1,1,89.8,5629.55,0,0,1,1,1,0,1,0,0,0,1,0,0,0
0,1,0,64,1,1,0,0,0,0,0,0,0,25.0,1584.8,0,1,0,0,0,0,0,1,0,0,0,0,1,0
1,0,0,27,1,1,0,0,0,0,0,1,1,85.25,2287.25,1,1,0,1,1,0,0,0,1,0,1,0,0,0
0,0,0,10,1,1,0,0,0,0,0,0,1,24.0,226.55,0,0,1,0,0,0,0,0,1,0,1,0,0,0
0,1,1,68,1,1,0,1,1,0,0,0,1,84.4,5746.75,0,1,0,1,1,0,0,1,0,0,0,0,1,0
0,0,0,4,1,0,0,0,0,0,0,0,0,20.15,84.5,0,1,0,0,0,0,0,0,0,1,1,0,0,0
0,1,0,14,1,0,1,1,0,1,1,1,0,105.95,1348.9,1,1,0,1,1,0,0,0,0,1,0,1,0,0
0,0,1,50,0,0,1,1,0,0,1,0,1,43.05,2208.05,0,0,1,1,0,1,1,0,0,0,0,1,0,0
0,1,1,4,1,0,0,0,0,0,0,0,0,20.85,62.9,0,1,0,0,0,0,0,0,0,1,1,0,0,0
0,1,1,7,1,0,0,0,0,0,0,0,0,44.75,333.65,0,0,1,1,0,1,0,0,1,0,1,0,0,0
0,1,0,32,1,1,0,0,0,1,0,0,1,79.25,2619.15,0,0,1,1,1,0,0,0,1,0,0,1,0,0
0,0,0,8,1,0,1,1,0,1,0,0,0,58.2,469.25,0,1,0,1,0,1,1,0,0,0,0,1,0,0
0,1,1,10,1,0,0,0,0,0,0,0,0,20.15,220.8,0,1,0,0,0,0,0,0,0,1,0,0,1,0
0,0,0,37,0,0,0,0,0,0,1,0,0,35.8,1316.9,0,0,1,1,0,1,0,1,0,0,0,0,1,0
0,0,0,56,1,1,0,1,0,0,1,1,0,98.6,5581.05,0,0,1,1,1,0,0,0,1,0,1,0,0,1
1,1,0,19,1,1,0,0,0,0,1,1,1,94.95,1760.25,0,1,0,1,1,0,0,0,1,0,1,0,0,1
1,1,0,50,1,1,0,1,1,0,1,0,1,95.05,4888.7,1,1,0,1,1,0,0,0,1,0,1,0,0,1
1,0,0,4,1,1,0,0,0,0,0,0,1,74.9,321.75,1,1,0,1,1,0,0,0,1,0,1,0,0,1
0,1,1,1,1,0,0,0,0,0,0,0,1,45.85,45.85,1,0,1,1,0,1,0,0,0,1,1,0,0,0
0,1,1,35,1,0,1,0,0,1,0,0,1,54.95,1916.0,0,1,0,1,0,1,1,0,0,0,0,1,0,0
0,0,0,17,1,0,0,0,0,0,0,0,0,19.45,369.05,0,0,1,0,0,0,0,1,0,0,0,0,1,0
0,0,0,6,0,0,1,1,0,1,0,1,0,50.95,307.6,0,1,0,1,0,1,0,1,0,0,1,0,0,1
0,1,0,1,1,0,0,0,0,0,0,0,1,68.95,68.95,1,1,0,1,1,0,0,0,1,0,1,0,0,1
0,0,0,26,1,1,1,1,0,0,1,0,1,92.4,2349.8,0,0,1,1,1,0,0,1,0,0,1,0,0,0
0,0,0,29,1,1,0,0,0,0,0,0,1,76.0,2215.25,0,1,0,1,1,0,0,1,0,0,1,0,0,0
0,1,1,65,1,1,1,1,1,0,0,1,0,72.45,4653.85,1,0,1,1,0,1,0,1,0,0,0,1,0,0
0,0,0,44,1,1,0,1,1,1,1,1,1,85.25,3704.15,0,0,1,1,0,1,1,0,0,0,0,1,0,1
0,1,0,72,1,1,0,1,1,1,1,1,1,108.4,7719.5,0,0,1,1,1,0,0,0,1,0,0,0,1,0
0,1,0,16,1,1,0,0,0,0,0,0,1,73.85,1284.2,1,0,1,1,1,0,1,0,0,0,1,0,0,0
0,1,0,70,1,1,1,0,1,1,0,1,1,74.8,5315.8,0,0,1,1,0,1,0,1,0,0,0,0,1,0
0,0,0,54,1,0,1,1,0,1,1,0,1,69.9,3883.3,0,0,1,1,0,1,0,0,0,1,1,0,0,0
0,1,0,43,1,1,1,1,0,1,0,0,0,66.25,2907.35,0,0,1,1,0,1,1,0,0,0,1,0,0,0
0,1,0,4,1,0,0,0,0,0,0,0,0,70.5,294.2,0,0,1,1,1,0,0,0,1,0,1,0,0,0
0,1,1,23,1,1,0,1,0,1,0,0,0,59.7,1414.2,0,0,1,1,0,1,0,0,0,1,0,0,1,0
0,1,1,62,1,0,1,0,1,1,0,1,0,71.4,4487.3,0,0,1,1,0,1,0,1,0,0,0,1,0,0
0,1,0,40,1,1,0,0,0,0,1,1,1,97.1,3706.95,1,0,1,1,1,0,1,0,0,0,1,0,0,1
0,0,0,3,1,0,0,0,0,0,1,0,0,79.25,267.6,1,0,1,1,1,0,0,0,1,0,1,0,0,1
0,1,1,28,1,1,0,1,0,0,0,1,0,64.4,1802.15,0,0,1,1,0,1,0,0,1,0,1,0,0,0
1,1,1,50,1,1,1,1,1,0,0,1,1,75.15,3822.45,0,0,1,1,0,1,1,0,0,0,0,0,1,1
0,0,0,24,1,1,0,1,0,0,0,0,1,80.25,1861.5,1,0,1,1,1,0,0,0,1,0,1,0,0,0
0,1,0,2,1,0,0,0,1,0,0,0,0,76.4,151.8,1,0,1,1,1,0,0,0,1,0,1,0,0,1
1,0,0,20,1,0,0,0,0,0,1,1,0,89.95,1648.45,0,0,1,1,1,0,0,0,1,0,1,0,0,0
0,0,1,17,1,1,0,0,1,0,0,0,1,55.85,937.5,1,1,0,1,0,1,0,0,0,1,0,1,0,1
0,0,0,4,1,0,0,0,0,0,0,0,0,19.95,68.2,0,0,1,0,0,0,0,0,0,1,0,1,0,0
1,1,0,68,1,1,0,1,0,0,1,1,1,100.2,6851.65,1,1,0,1,1,0,0,0,1,0,1,0,0,0
0,1,1,31,1,1,0,0,1,1,1,1,1,104.2,3243.45,1,1,0,1,1,0,0,0,1,0,1,0,0,0
0,1,1,25,1,0,0,1,1,0,1,0,1,89.15,2257.75,1,1,0,1,1,0,1,0,0,0,1,0,0,1
0,1,1,9,1,0,0,0,1,1,1,1,0,103.1,970.45,0,0,1,1,1,0,0,0,1,0,1,0,0,1
0,0,0,11,1,1,1,0,0,0,0,0,1,79.0,929.3,0,1,0,1,1,0,1,0,0,0,1,0,0,0
0,0,1,13,0,0,0,1,0,0,0,0,0,30.15,382.2,0,1,0,1,0,1,0,0,1,0,1,0,0,0
0,0,0,5,1,1,0,1,1,0,1,1,0,104.1,541.9,1,0,1,1,1,0,0,0,0,1,1,0,0,0
0,1,1,67,1,1,0,1,1,0,1,1,1,105.4,6989.45,0,0,1,1,1,0,0,0,1,0,0,1,0,0
0,1,1,32,1,0,1,1,0,0,0,1,1,90.8,3023.85,0,0,1,1,1,0,0,0,1,0,0,1,0,0
1,0,0,9,1,1,0,0,1,0,1,0,1,90.1,816.8,0,1,0,1,1,0,0,0,1,0,1,0,0,1
0,1,1,61,1,0,0,0,0,0,0,0,0,19.1,1143.8,0,1,0,0,0,0,0,1,0,0,0,1,0,0
0,0,0,1,1,0,0,0,0,0,0,0,0,71.1,71.1,1,1,0,1,1,0,0,0,0,1,1,0,0,0
0,0,0,17,0,0,0,0,0,0,0,0,0,25.1,382.8,0,0,1,1,0,1,0,1,0,0,1,0,0,0
0,0,0,64,1,1,1,1,0,0,0,0,1,84.3,5289.05,0,0,1,1,1,0,0,1,0,0,0,1,0,0
1,1,0,61,1,1,0,1,0,0,0,0,1,82.15,4904.85,0,0,1,1,1,0,0,0,1,0,1,0,0,0
0,0,0,36,1,1,0,1,0,0,1,1,1,99.15,3615.6,1,1,0,1,1,0,0,0,1,0,1,0,0,0
0,0,0,4,1,0,0,0,0,0,0,0,0,19.7,117.8,0,0,1,0,0,0,0,0,0,1,0,1,0,0
0,0,0,46,0,0,0,1,0,0,0,0,0,30.3,1380.1,1,0,1,1,0,1,1,0,0,0,1,0,0,0
0,1,0,66,1,1,0,1,1,1,0,0,1,90.55,6130.95,0,1,0,1,1,0,1,0,0,0,0,1,0,1
0,0,0,1,1,0,0,0,0,0,1,1,1,89.9,89.9,1,0,1,1,1,0,0,0,1,0,1,0,0,1
0,0,0,67,1,0,0,0,0,0,0,0,1,19.45,1195.95,0,0,1,0,0,0,0,0,0,1,0,1,0,0
0,1,1,25,1,0,0,0,0,0,0,0,1,18.7,383.65,0,1,0,0,0,0,0,0,0,1,0,0,1,0
0,1,1,39,1,1,0,0,0,0,0,0,1,24.2,914.6,0,1,0,0,0,0,0,0,0,1,0,1,0,0
0,0,0,57,0,0,0,1,0,0,1,0,1,39.3,2111.45,1,0,1,1,0,1,0,0,1,0,1,0,0,0
0,1,1,72,1,1,1,1,1,1,1,1,1,115.5,8425.15,0,1,0,1,1,0,0,0,1,0,0,0,1,0
0,0,0,1,1,0,0,0,0,0,0,0,1,19.75,19.75,0,0,1,0,0,0,0,1,0,0,1,0,0,0
0,0,0,20,1,0,0,0,0,0,0,0,1,19.7,415.9,0,0,1,0,0,0,0,0,0,1,0,1,0,0
0,1,1,17,1,1,0,1,1,1,0,0,1,66.7,1077.05,0,0,1,1,0,1,0,0,0,1,1,0,0,0
1,0,0,2,1,1,0,0,0,0,0,0,1,72.6,154.3,0,0,1,1,1,0,0,0,0,1,1,0,0,1
0,0,0,15,1,1,0,0,0,0,0,0,1,49.1,679.55,1,1,0,1,0,1,0,0,1,0,1,0,0,0
0,0,0,7,0,0,1,0,1,0,0,0,0,35.3,264.8,0,0,1,1,0,1,0,0,0,1,0,1,0,0
0,0,0,64,1,1,1,0,1,1,0,1,0,99.25,6549.45,0,0,1,1,1,0,0,1,0,0,0,0,1,0
0,0,0,1,1,0,0,0,0,0,0,0,0,19.4,19.4,1,0,1,0,0,0,0,0,0,1,1,0,0,0
0,0,0,9,1,0,0,0,0,0,0,0,1,20.15,163.7,0,0,1,0,0,0,0,0,0,1,0,1,0,0
0,1,0,72,1,0,1,1,1,1,1,1,0,85.1,6155.4,0,1,0,1,0,1,0,0,0,1,0,0,1,0
1,1,0,1,1,1,0,0,0,0,1,1,1,95.1,95.1,1,0,1,1,1,0,0,0,1,0,1,0,0,1
0,1,1,17,1,0,1,0,0,1,1,0,0,91.85,1574.45,1,1,0,1,1,0,0,0,1,0,1,0,0,1
0,1,1,11,1,0,0,0,0,0,0,0,1,19.25,180.3,1,1,0,0,0,0,0,0,0,1,1,0,0,0
0,0,0,1,1,0,0,0,0,0,1,0,0,79.55,79.55,1,1,0,1,1,0,0,0,1,0,1,0,0,1
0,0,0,65,1,1,0,1,1,1,1,1,1,109.15,6941.2,1,0,1,1,1,0,0,0,1,0,1,0,0,1
1,1,0,72,1,1,0,0,0,0,0,0,0,24.3,1778.7,0,1,0,0,0,0,1,0,0,0,0,0,1,0
0,0,0,20,1,0,0,0,0,0,0,0,1,19.6,356.15,0,0,1,0,0,0,0,1,0,0,1,0,0,0
0,0,0,3,1,0,0,0,0,0,0,0,1,69.85,199.85,0,1,0,1,1,0,0,0,1,0,1,0,0,0
1,1,0,30,1,0,0,1,0,0,0,0,1,50.4,1527.5,1,0,1,1,0,1,1,0,0,0,1,0,0,0
1,1,0,38,1,1,0,1,1,0,1,1,1,102.6,4009.2,0,0,1,1,1,0,0,0,1,0,1,0,0,1
0,1,0,45,1,1,0,0,0,0,0,0,0,25.5,1121.05,0,1,0,0,0,0,0,0,0,1,0,0,1,0
1,0,0,1,0,0,0,0,0,0,0,0,0,25.05,25.05,1,1,0,1,0,1,0,0,0,1,1,0,0,0
0,1,0,9,1,0,0,0,1,0,1,1,1,70.05,564.4,0,0,1,1,0,1,0,0,0,1,1,0,0,0
0,1,0,69,1,1,0,0,1,0,1,1,0,99.5,6841.45,0,0,1,1,1,0,1,0,0,0,0,1,0,0
0,1,1,10,1,0,0,0,0,0,0,0,1,20.05,218.5,0,0,1,0,0,0,0,1,0,0,1,0,0,0
0,0,0,1,1,0,0,0,0,0,0,0,1,69.2,69.2,1,1,0,1,1,0,0,0,1,0,1,0,0,1
0,1,0,44,1,0,0,1,1,1,1,0,1,70.95,3250.45,0,0,1,1,0,1,0,0,1,0,0,1,0,0
1,0,0,39,1,1,0,1,0,0,0,1,0,90.7,3413.25,0,0,1,1,1,0,0,0,1,0,1,0,0,0
0,0,0,1,1,0,0,1,0,1,1,0,0,91.7,91.7,1,1,0,1,1,0,0,0,1,0,1,0,0,1
0,0,0,1,1,0,0,0,0,1,0,0,1,50.8,50.8,1,1,0,1,0,1,0,0,1,0,1,0,0,0
1,1,0,13,1,1,0,0,0,0,1,1,1,95.25,1233.65,1,0,1,1,1,0,0,0,1,0,1,0,0,1
0,0,0,1,0,0,0,0,0,0,1,0,1,35.75,35.75,1,1,0,1,0,1,0,0,1,0,1,0,0,1
0,0,0,31,0,0,1,1,0,1,0,1,1,49.85,1520.1,0,1,0,1,0,1,1,0,0,0,0,0,1,0
0,1,1,45,1,0,1,0,0,1,0,0,0,54.65,2553.7,0,0,1,1,0,1,1,0,0,0,0,0,1,0
1,0,0,47,1,1,0,1,0,1,1,0,1,95.05,4504.55,1,1,0,1,1,0,0,0,1,0,1,0,0,0
0,0,0,12,1,0,0,0,1,0,1,1,0,95.7,1184.0,0,0,1,1,1,0,0,0,1,0,0,1,0,1
0,1,1,70,1,1,1,1,1,1,1,0,0,80.7,5617.95,0,1,0,1,0,1,0,0,1,0,0,0,1,0
0,0,0,59,1,0,0,0,0,0,0,0,1,20.2,1192.3,0,0,1,0,0,0,1,0,0,0,0,0,1,0
0,0,0,9,1,0,0,0,0,0,0,0,1,44.2,403.35,1,1,0,1,0,1,1,0,0,0,1,0,0,0
1,0,0,10,0,0,0,0,0,0,0,1,1,34.7,329.8,1,1,0,1,0,1,0,0,1,0,1,0,0,0
0,0,0,1,1,0,0,1,0,0,0,0,1,74.3,74.3,1,1,0,1,1,0,0,1,0,0,1,0,0,0
0,1,0,56,1,0,0,0,0,0,1,1,0,89.7,4952.95,0,0,1,1,1,0,0,0,0,1,1,0,0,0
0,1,0,1,1,0,0,0,0,0,0,0,1,45.0,45.0,0,1,0,1,0,1,0,0,1,0,1,0,0,1
0,1,1,51,0,0,0,0,1,1,1,1,1,56.15,2898.95,0,1,0,1,0,1,0,0,1,0,0,1,0,0
0,0,0,42,1,0,0,0,0,0,0,0,0,19.8,849.9,0,0,1,0,0,0,1,0,0,0,0,1,0,0
0,0,0,58,1,1,0,0,0,0,0,0,1,25.3,1474.35,0,0,1,0,0,0,0,1,0,0,0,0,1,0
0,1,0,56,1,1,0,1,0,1,1,1,1,107.25,6033.3,0,0,1,1,1,0,0,0,1,0,0,1,0,0
0,0,0,6,1,0,0,0,0,0,1,1,1,89.5,573.3,1,1,0,1,1,0,0,0,1,0,1,0,0,0
0,0,0,48,1,0,1,0,1,1,1,1,1,102.5,4904.25,0,1,0,1,1,0,0,1,0,0,0,0,1,0
0,0,0,67,0,0,0,0,1,1,1,1,1,53.4,3579.15,0,1,0,1,0,1,0,1,0,0,1,0,0,0
0,0,1,13,1,1,1,1,1,1,1,1,0,88.95,1161.75,0,1,0,1,0,1,0,1,0,0,0,0,1,1
1,0,0,8,1,0,0,0,1,0,1,1,1,94.45,742.95,1,1,0,1,1,0,0,1,0,0,1,0,0,1
0,1,1,71,1,1,1,1,1,0,1,1,1,109.0,7661.8,0,1,0,1,1,0,1,0,0,0,0,0,1,0
0,1,1,47,1,1,1,1,1,1,1,1,1,90.5,4318.35,0,0,1,1,0,1,0,0,0,1,0,0,1,0
0,1,1,58,1,0,0,0,0,0,0,0,0,20.3,1160.75,0,1,0,0,0,0,0,1,0,0,0,0,1,0
0,1,0,59,1,0,1,0,1,0,0,0,1,81.25,4639.45,0,1,0,1,1,0,0,1,0,0,0,1,0,0
0,0,0,2,1,1,0,0,0,0,0,0,0,74.9,147.15,1,1,0,1,1,0,0,1,0,0,1,0,0,1
0,0,0,19,1,0,0,0,0,0,0,1,1,56.2,1093.4,0,1,0,1,0,1,0,0,1,0,1,0,0,0
0,0,1,62,1,1,0,0,0,0,0,0,1,24.4,1413.0,0,0,1,0,0,0,0,0,0,1,0,0,1,0
0,1,0,3,0,0,1,0,0,1,0,0,0,35.1,101.1,0,0,1,1,0,1,0,0,0,1,1,0,0,0
1,0,0,64,1,0,1,1,0,1,1,0,1,70.2,4481.0,1,1,0,1,0,1,0,1,0,0,0,0,1,0
0,0,0,12,1,0,0,0,0,0,0,1,1,79.95,1043.4,0,0,1,1,1,0,1,0,0,0,1,0,0,1
0,1,1,72,0,0,1,1,1,1,0,1,1,55.45,4179.2,0,0,1,1,0,1,0,1,0,0,0,0,1,0
0,0,0,29,0,0,1,0,0,1,0,0,0,35.6,1072.6,0,0,1,1,0,1,0,0,0,1,0,1,0,0
0,1,1,32,1,1,0,1,1,0,0,0,0,62.45,2045.55,0,1,0,1,0,1,1,0,0,0,1,0,0,0
0,1,1,15,1,0,0,0,0,0,0,0,0,46.3,639.45,0,1,0,1,0,1,0,0,1,0,1,0,0,0
0,0,0,36,1,1,1,0,0,0,0,0,0,54.45,1893.5,0,1,0,1,0,1,0,0,0,1,0,1,0,0
0,0,0,29,1,1,1,1,0,1,0,0,0,67.45,1801.1,0,1,0,1,0,1,0,0,0,1,1,0,0,0
0,0,0,2,0,0,0,1,1,1,0,0,1,40.4,77.15,1,0,1,1,0,1,0,1,0,0,1,0,0,1
0,0,0,39,1,0,1,0,0,0,0,0,1,47.85,1886.4,0,1,0,1,0,1,0,0,1,0,0,1,0,1
0,0,0,1,1,0,0,0,0,0,0,0,1,69.85,69.85,1,0,1,1,1,0,0,0,1,0,1,0,0,0
0,1,1,18,1,0,0,0,0,0,0,0,0,19.8,342.3,0,0,1,0,0,0,1,0,0,0,0,1,0,0
0,0,0,9,1,0,0,0,0,0,1,1,1,90.8,809.75,1,1,0,1,1,0,1,0,0,0,1,0,0,1
0,1,1,72,1,1,1,1,0,0,1,0,1,95.9,6954.15,0,1,0,1,1,0,1,0,0,0,0,0,1,0
0,1,0,70,1,1,1,0,1,1,0,0,0,65.3,4759.75,1,1,0,1,0,1,0,1,0,0,0,0,1,0
0,1,1,16,1,0,0,0,0,0,0,0,0,19.75,313.4,0,0,1,0,0,0,0,0,1,0,1,0,0,0
0,0,0,16,1,0,0,0,0,0,0,0,0,19.05,326.65,0,1,0,0,0,0,0,0,0,1,0,1,0,1
0,1,0,22,1,0,0,0,1,0,1,0,1,87.0,1850.65,0,0,1,1,1,0,1,0,0,0,1,0,0,0
0,0,0,41,1,1,0,0,1,0,1,1,0,98.05,3990.6,0,1,0,1,1,0,1,0,0,0,1,0,0,1
0,1,1,40,1,0,1,1,0,1,0,1,1,71.35,2847.2,0,1,0,1,0,1,0,0,0,1,1,0,0,0
0,1,1,55,1,0,0,1,0,1,0,0,0,79.4,4238.45,0,0,1,1,1,0,0,0,1,0,1,0,0,1
0,0,0,29,1,0,0,0,1,1,1,1,1,75.35,2243.9,0,0,1,1,0,1,1,0,0,0,0,1,0,0
1,0,0,44,1,0,0,0,1,0,0,0,0,73.85,3122.4,0,0,1,1,1,0,0,0,1,0,1,0,0,1
0,0,0,64,1,0,0,0,0,0,0,0,0,19.55,1240.15,0,0,1,0,0,0,0,0,0,1,0,0,1,0
0,0,0,37,0,0,0,0,1,0,0,1,1,40.2,1478.85,0,1,0,1,0,1,0,1,0,0,1,0,0,0
