PaymentMethod_Electronic check,DSL,PaymentMethod_Bank transfer (automatic),Contract_Two year,OnlineBackup,PaymentMethod_Credit card (automatic),gender_Female,Contract_Month-to-month,DeviceProtection,PhoneService,MultipleLines,OnlineSecurity,Partner,PaymentMethod_Mailed check,Dependents,Contract_One year,StreamingMovies,TotalCharges,Fiber_optic,tenure,SeniorCitizen,gender_Male,Has_InternetService,StreamingTV,MonthlyCharges,PaperlessBilling,TechSupport,Churn,prediction
0,0,0,1,1,1,0,0,1,1,1,1,1,0,1,0,1,7767.25,1,72,0,1,1,1,108.4,1,0,0,0
0,1,0,0,0,0,1,1,0,1,0,0,0,1,1,0,1,1093.1,0,17,0,0,1,1,64.7,1,0,1,1
0,1,0,0,1,0,1,1,1,1,0,0,1,1,0,0,0,1178.75,0,22,0,0,1,0,54.7,1,0,0,0
1,0,0,0,1,0,0,1,0,1,1,0,1,0,1,0,1,5071.05,1,50,0,1,1,1,103.7,0,1,1,1
1,0,0,0,1,0,1,0,0,1,0,0,1,0,1,1,1,5535.8,1,57,0,0,1,1,95.0,1,0,0,0
0,1,0,0,1,1,1,1,0,1,1,1,0,0,0,0,0,2934.3,0,49,0,0,1,0,59.75,1,0,1,1
0,0,0,0,1,0,0,0,1,1,0,0,1,1,1,1,1,2090.25,1,22,0,1,1,1,100.05,1,0,0,0
0,0,1,1,0,0,1,0,0,1,1,0,1,0,0,0,0,1887.0,0,72,0,0,0,0,25.65,0,0,0,0
0,1,0,0,0,0,0,1,0,1,0,0,0,1,1,0,0,985.05,0,21,0,1,1,0,45.65,0,0,0,0
0,0,0,1,1,0,1,0,0,1,0,0,0,1,0,0,1,5038.45,1,50,0,0,1,1,100.2,1,1,0,0
0,1,0,1,1,1,1,0,1,1,0,1,1,0,1,0,0,4707.85,0,63,0,0,1,1,75.55,0,1,0,0
0,0,1,0,1,0,0,1,0,1,1,0,1,0,1,0,0,3769.7,1,46,0,1,1,0,80.0,1,0,0,0
0,0,0,0,0,1,1,0,1,1,1,1,1,0,0,1,1,7142.5,1,67,1,0,1,1,107.05,1,0,0,0
0,0,1,1,0,0,0,0,1,1,1,0,1,0,1,0,1,4990.25,1,52,0,1,1,0,96.25,1,1,1,1
0,1,0,0,0,0,0,0,0,1,0,1,0,1,0,1,0,1055.9,0,20,1,1,1,0,54.0,0,1,0,0
0,0,0,0,0,0,0,1,0,1,0,0,0,1,0,0,0,19.2,0,1,0,1,0,0,19.2,0,0,0,0
1,1,0,0,0,0,1,1,1,1,0,0,0,0,0,0,1,2096.1,0,35,0,0,1,0,62.1,1,0,0,0
1,1,0,0,0,0,1,0,0,1,0,1,1,0,0,1,1,1910.75,0,31,0,0,1,0,64.0,1,1,0,0
0,1,1,0,0,0,1,0,1,0,0,1,0,0,1,1,1,3077.0,0,51,0,0,1,1,60.15,0,1,0,0
0,0,0,0,0,0,1,1,0,1,0,0,0,1,1,0,0,535.35,0,28,0,0,0,0,20.25,0,0,0,0
0,0,0,0,0,0,1,1,1,1,1,0,1,1,0,0,1,1761.05,1,19,0,0,1,0,89.65,0,0,1,1
0,0,0,1,0,1,0,0,0,1,0,0,0,0,0,0,0,268.45,0,13,0,1,0,0,20.0,0,0,0,0
0,0,0,1,0,0,1,0,0,1,1,0,1,1,1,0,0,300.7,0,11,0,0,0,0,25.0,0,0,0,0
0,1,0,0,0,0,0,1,0,1,0,0,0,1,0,0,0,45.6,0,1,0,1,1,0,45.6,0,0,0,0
1,1,0,0,0,0,1,1,0,0,0,0,1,0,0,0,1,35.0,0,1,0,0,1,0,35.0,0,0,0,0
0,0,1,0,1,0,1,1,1,1,0,0,1,0,0,0,1,2191.15,1,25,1,0,1,0,88.4,0,0,0,0
0,1,0,1,0,0,0,0,1,1,0,1,1,1,1,0,0,1024.0,0,16,0,1,1,1,64.25,0,0,0,0
0,1,0,1,1,1,0,0,1,1,1,1,1,0,0,0,1,6306.5,0,70,1,1,1,1,88.55,1,1,0,0
1,1,0,0,0,0,0,0,1,1,0,0,0,0,0,1,1,2471.25,0,35,1,1,1,1,73.0,1,1,0,0
0,1,0,0,0,0,0,0,1,1,0,0,1,1,1,1,0,1285.8,0,26,0,1,1,0,50.35,0,0,0,0
0,0,0,0,0,0,0,1,0,1,0,0,1,1,0,0,1,1820.45,1,20,0,1,1,1,89.0,1,0,1,1
1,0,0,0,0,0,1,1,0,1,1,0,0,0,0,0,1,3580.3,1,37,1,0,1,1,96.55,1,0,1,1
1,0,0,0,1,0,0,0,1,1,1,1,1,0,0,1,1,6287.25,1,58,1,1,1,1,108.85,1,0,1,1
0,1,1,1,1,0,0,0,1,1,1,0,0,0,0,0,1,6201.95,0,72,0,1,1,1,88.6,1,1,0,0
1,1,0,0,1,0,0,1,0,1,1,0,0,0,0,0,0,2168.15,0,31,0,1,1,1,71.05,1,1,0,0
1,0,0,0,1,0,0,1,0,1,1,0,1,0,0,0,1,420.2,1,4,0,1,1,1,100.2,1,0,1,1
0,0,1,1,0,0,0,0,1,1,1,1,1,0,1,0,1,7099.0,1,64,1,1,1,1,111.6,1,1,0,0
0,1,1,0,0,0,0,0,0,1,1,1,1,0,1,1,0,1958.45,0,29,0,1,1,1,69.05,0,1,0,0
0,0,1,0,0,0,1,1,0,1,1,1,0,0,0,0,1,3211.9,1,30,0,0,1,1,106.4,0,1,0,0
0,0,0,0,0,1,0,1,1,1,0,0,0,0,0,0,0,232.5,1,3,0,1,1,0,73.6,1,0,0,0
0,0,0,0,0,0,1,1,0,1,0,0,0,1,0,0,0,266.6,0,12,0,0,0,0,20.4,0,0,0,0
1,0,0,1,0,0,0,0,0,1,1,0,1,0,1,0,1,6856.45,1,69,0,1,1,1,99.35,1,1,0,0
0,0,0,0,1,1,1,0,1,1,1,0,0,0,1,1,1,1299.1,1,13,0,0,1,1,104.15,1,0,0,0
1,0,0,0,1,0,0,1,0,1,0,0,1,0,1,0,0,1901.05,1,25,0,1,1,0,75.5,1,0,0,0
0,0,0,0,0,0,0,0,0,1,0,1,1,1,0,1,0,3128.8,1,34,1,1,1,1,90.15,0,1,0,0
0,1,0,0,0,0,1,1,0,1,0,0,1,1,1,0,0,220.45,0,5,0,0,1,0,44.8,0,0,0,0
0,0,1,0,0,0,0,1,0,1,0,0,0,0,0,0,0,93.55,0,5,0,1,0,0,20.65,0,0,0,0
0,1,1,1,1,0,0,0,1,1,0,1,1,0,1,0,0,5388.15,0,69,0,1,1,1,75.75,1,1,0,0
0,1,0,0,0,0,1,1,1,1,0,0,1,1,1,0,0,2341.5,0,39,0,0,1,1,59.85,1,0,0,0
0,0,0,0,1,0,0,1,0,1,0,1,0,1,0,0,1,360.55,1,4,0,1,1,0,94.9,1,1,0,0
0,1,1,1,1,0,0,0,1,1,1,0,1,0,0,0,1,6316.2,0,72,0,1,1,1,85.15,1,1,0,0
0,0,0,0,0,1,1,1,0,1,1,0,1,0,0,0,0,228.0,1,3,0,0,1,0,74.1,1,0,1,1
1,0,0,0,0,0,0,1,1,1,1,0,1,0,0,0,1,4871.05,1,47,1,1,1,1,100.05,1,0,1,1
0,0,0,0,0,0,1,0,1,1,0,0,0,1,0,1,1,1115.15,1,12,0,0,1,1,95.5,0,0,1,1
0,1,1,0,0,0,0,1,0,1,0,0,0,0,0,0,0,322.5,0,7,0,1,1,0,44.65,1,0,0,0
1,0,0,0,1,0,0,1,1,1,0,1,0,0,0,0,1,1043.3,1,10,0,1,1,1,110.1,1,1,1,1
0,1,1,0,1,0,0,1,1,1,0,0,1,0,1,0,0,750.1,0,13,0,1,1,0,61.8,0,1,0,0
0,0,1,0,0,0,1,0,0,1,0,0,0,0,1,1,0,38.25,0,2,0,0,0,0,20.5,0,0,0,0
0,1,0,0,0,1,0,0,1,1,0,1,0,0,0,1,0,1927.3,0,27,0,1,1,1,69.35,0,1,0,0
1,1,0,0,0,0,1,1,0,0,0,0,0,0,0,0,0,300.8,0,13,0,0,1,0,23.9,1,0,1,1
1,0,0,0,0,0,1,1,0,1,1,0,0,0,0,0,0,1345.75,1,18,0,0,1,0,74.15,1,0,0,0
1,0,0,0,0,0,0,1,0,1,0,0,0,0,0,0,1,2755.35,1,30,0,1,1,1,90.25,1,0,1,1
0,0,0,0,0,0,1,1,0,1,0,0,1,1,1,0,0,254.5,0,13,0,0,0,0,20.45,1,0,0,0
0,0,0,0,1,1,1,1,1,1,0,0,0,0,0,0,1,1573.7,1,16,0,0,1,0,93.2,1,0,1,1
0,0,0,0,0,0,1,1,0,1,0,0,1,1,1,0,0,299.75,1,4,0,0,1,1,78.9,1,0,0,0
0,0,0,0,1,1,1,1,1,1,1,1,0,0,0,0,0,6886.25,1,67,0,0,1,1,102.95,1,0,1,1
1,0,0,0,1,0,1,1,1,1,1,0,1,0,0,0,0,1060.2,1,12,1,0,1,1,98.1,1,0,1,1
0,1,0,0,1,1,0,1,0,1,0,0,1,0,1,0,0,3363.8,0,53,0,1,1,1,65.0,0,1,0,0
0,0,1,0,0,0,0,1,0,1,0,0,0,0,0,0,0,94.15,0,5,1,1,0,0,20.05,0,0,0,0
1,0,0,0,0,0,1,1,1,1,1,0,0,0,0,0,1,179.25,1,2,1,0,1,0,88.55,1,0,1,1
0,0,0,0,0,0,0,1,0,1,0,0,1,1,1,0,0,143.9,1,2,0,1,1,0,69.95,0,0,0,0
0,1,1,1,0,0,1,0,1,1,0,1,0,0,0,0,0,4003.0,0,57,1,0,1,1,69.85,0,1,0,0
1,1,0,0,0,0,1,1,0,1,0,0,0,0,0,0,0,49.9,0,1,0,0,1,0,49.9,1,1,0,0
0,0,1,0,1,0,0,0,1,1,1,0,0,0,0,1,1,7053.35,1,62,1,1,1,1,110.75,1,1,0,0
0,0,0,0,0,1,0,1,0,1,0,0,0,0,0,0,0,19.3,0,1,0,1,0,0,19.3,0,0,0,0
0,0,0,1,0,0,0,0,0,1,0,0,1,1,1,0,0,278.85,0,15,0,1,0,0,19.35,0,0,0,0
0,1,0,1,1,1,1,0,1,1,1,1,1,0,0,0,1,6388.65,0,71,0,0,1,1,89.3,0,1,0,0
0,0,0,0,1,1,1,1,0,1,1,0,0,0,0,0,0,818.05,1,10,0,0,1,0,81.0,1,0,1,1
1,0,0,0,1,0,0,1,0,1,1,0,0,0,0,0,1,2440.15,1,24,1,1,1,1,101.25,1,0,1,1
0,1,0,0,1,1,1,0,1,1,0,1,0,0,0,1,1,3160.55,0,42,0,0,1,0,73.9,0,1,1,1
0,1,0,1,1,1,1,0,0,1,1,1,1,0,0,0,1,3574.5,0,43,0,0,1,1,86.45,0,1,0,0
1,0,0,0,1,0,0,1,1,1,0,0,0,0,0,0,1,6710.5,1,66,0,1,1,1,99.5,0,0,1,1
1,1,0,0,0,0,1,1,0,0,0,1,1,0,0,0,0,129.6,0,4,0,0,1,0,29.05,1,0,0,0
0,0,0,1,0,0,1,0,0,1,1,0,1,1,1,0,0,1764.75,0,70,0,0,0,0,24.05,0,0,0,0
0,1,0,0,1,1,1,0,0,1,0,1,1,0,1,1,1,3058.65,0,38,0,0,1,1,80.3,0,1,1,1
1,0,0,0,0,0,0,1,0,1,0,0,0,0,0,0,0,79.55,1,1,0,1,1,1,79.55,1,0,1,1
0,0,1,0,1,0,1,1,0,1,1,1,1,0,1,0,1,5435.6,1,58,0,0,1,0,93.4,1,0,1,1
0,0,0,1,1,0,0,0,1,1,1,1,1,1,0,0,1,8331.95,1,72,1,1,1,1,114.5,1,1,0,0
0,1,1,0,0,0,1,1,0,1,0,0,0,0,0,0,0,267.35,0,6,0,0,1,0,49.65,1,1,1,1
0,0,0,0,1,1,1,0,1,1,1,0,1,0,1,1,1,7362.9,1,72,0,0,1,1,103.2,1,0,0,0
0,1,0,0,1,1,1,0,1,1,0,1,0,0,0,1,0,2308.6,0,30,0,0,1,1,74.65,0,1,0,0
0,1,0,0,0,1,1,1,0,1,0,1,0,0,0,0,0,48.6,0,1,0,0,1,0,48.6,1,0,1,1
0,0,1,0,0,0,1,1,1,1,1,0,1,0,0,0,1,2423.4,1,27,0,0,1,0,90.15,0,0,0,0
0,1,0,0,0,1,0,0,1,1,1,0,0,0,0,1,1,1425.45,0,18,0,1,1,1,82.0,1,1,1,1
0,0,1,0,0,0,0,1,0,1,1,0,1,0,0,0,1,5574.75,1,59,1,1,1,1,93.85,1,0,1,1
0,1,0,1,0,1,1,0,0,1,0,1,1,0,1,0,1,5437.75,0,70,0,0,1,1,75.35,0,1,0,0
0,1,0,0,0,0,0,1,0,1,0,1,0,1,1,0,0,50.6,0,1,0,1,1,0,50.6,0,0,1,1
0,0,1,0,0,0,0,1,0,1,0,0,1,0,1,0,0,529.5,1,7,0,1,1,0,69.95,1,0,1,1
1,0,0,0,0,0,0,1,0,1,0,0,0,0,0,0,0,69.1,1,1,1,1,1,0,69.1,0,0,1,1
0,1,1,0,0,0,0,1,1,1,1,0,1,0,1,0,0,867.1,0,15,0,1,1,0,59.65,1,1,0,0
0,0,0,1,1,1,1,0,1,1,1,1,1,0,1,0,1,7895.15,1,69,0,0,1,1,113.25,0,1,0,0
0,1,0,0,0,0,1,1,0,0,0,1,0,1,0,0,0,110.05,0,4,0,0,1,0,29.15,1,0,0,0
0,0,0,0,0,1,1,1,0,1,1,0,1,0,0,0,0,229.5,1,3,0,0,1,0,74.75,1,0,1,1
1,1,0,0,1,0,0,1,0,0,0,0,1,0,0,0,0,40.2,0,1,1,1,1,1,40.2,0,0,1,1
1,0,0,0,0,0,0,1,0,1,0,0,0,0,0,0,0,1043.3,1,16,1,1,1,0,69.65,0,0,0,0
0,0,0,1,0,0,0,0,0,1,1,0,1,1,1,0,0,1331.05,0,52,0,1,0,0,24.55,0,0,0,0
0,1,0,0,1,1,1,1,0,0,0,0,0,0,0,0,1,229.4,0,5,0,0,1,1,50.95,1,0,0,0
1,0,0,0,1,0,1,0,1,1,1,0,1,0,1,1,1,6256.2,1,59,0,0,1,1,106.15,1,0,0,0
1,0,0,0,0,0,0,1,0,1,0,0,0,0,0,0,0,79.95,1,1,0,1,1,1,79.95,1,0,1,1
0,1,1,0,1,0,0,1,0,1,0,1,0,0,1,0,1,70.45,0,1,0,1,1,0,70.45,1,1,0,0
0,0,1,1,0,0,0,0,0,1,1,0,1,0,1,0,0,269.65,0,12,0,1,0,0,24.0,1,0,0,0
1,0,0,0,0,0,0,1,0,1,1,0,1,0,0,0,1,1975.85,1,23,1,1,1,0,86.8,0,0,0,0
1,1,0,0,1,0,0,1,0,1,0,0,0,0,1,0,0,601.25,0,11,1,1,1,0,54.55,1,1,0,0
1,1,0,0,1,0,1,0,0,0,0,1,1,0,0,1,0,2540.1,0,58,0,0,1,1,45.35,1,0,0,0
0,1,0,1,0,1,0,0,1,1,1,0,1,0,0,0,1,5034.05,0,63,0,1,1,1,79.8,0,1,0,0
0,1,1,1,0,0,1,0,1,1,1,1,1,0,0,0,1,6065.3,0,72,0,0,1,1,84.9,1,1,0,0
0,1,0,1,1,0,1,0,0,1,0,1,0,1,0,0,1,213.35,0,3,0,0,1,0,71.1,0,1,0,0
1,1,0,0,1,0,1,1,0,1,0,0,0,0,0,0,0,49.95,0,1,0,0,1,0,49.95,0,0,0,0
0,0,0,0,0,1,0,0,1,1,1,0,1,0,0,1,1,5681.1,1,58,0,1,1,1,100.35,0,0,0,0
0,1,0,0,1,0,0,0,0,0,0,1,1,1,1,1,0,2983.65,0,68,0,1,1,1,44.8,0,0,0,0
1,0,0,0,0,0,1,1,0,1,1,0,0,0,0,0,0,2896.6,1,34,0,0,1,1,85.35,0,0,0,0
0,0,0,1,0,0,1,0,0,1,0,0,1,1,1,0,0,100.35,0,6,0,0,0,0,20.1,0,0,0,0
1,0,0,1,1,0,0,0,1,1,1,1,1,0,0,0,1,8564.75,1,71,0,1,1,1,116.25,1,1,0,0
0,1,1,0,1,0,1,0,0,1,1,1,1,0,1,1,1,4264.25,0,55,0,0,1,0,75.75,1,1,0,0
0,1,0,1,1,1,0,0,1,1,1,1,1,0,0,0,1,5981.65,0,72,1,1,1,1,84.1,1,0,0,0
1,1,0,0,0,0,1,1,1,0,0,0,0,0,0,0,1,649.4,0,13,0,0,1,1,49.15,0,0,0,0
0,1,1,1,0,0,1,0,1,1,1,1,1,0,1,0,0,1759.4,0,23,0,0,1,1,77.15,1,1,0,0
0,0,0,1,0,1,1,0,0,1,0,0,0,0,0,0,0,1566.9,0,72,0,0,0,0,20.25,0,0,0,0
0,1,0,0,0,1,0,1,0,0,0,1,0,0,0,0,0,597.0,0,13,0,1,1,1,45.55,1,1,1,1
1,0,0,0,1,0,0,0,0,1,1,0,1,0,1,1,0,6588.95,1,72,0,1,1,1,89.7,1,0,0,0
1,1,0,0,1,0,0,1,0,1,1,1,1,0,1,0,1,1398.25,0,16,0,1,1,1,84.9,0,1,0,0
0,0,0,0,0,1,1,1,0,1,0,0,0,0,0,0,0,2416.1,1,34,0,0,1,0,70.0,1,0,1,1
0,0,0,1,0,0,0,0,0,1,1,0,0,1,0,0,0,1559.3,0,63,0,1,0,0,25.25,0,0,0,0
0,0,1,1,0,0,0,0,0,1,1,0,1,0,1,0,0,1769.6,0,72,0,1,0,0,24.75,0,0,0,0
0,0,1,0,1,0,0,1,1,1,1,1,0,0,0,0,0,5586.45,1,62,0,1,1,0,90.7,0,0,0,0
0,0,0,0,0,1,1,1,0,1,0,0,0,0,0,0,0,340.35,0,17,0,0,0,0,19.7,0,0,0,0
0,0,0,1,0,1,0,0,0,1,0,0,1,0,0,0,0,679.0,0,34,0,1,0,0,20.05,0,0,0,0
0,1,0,0,1,1,1,0,1,1,1,1,0,0,0,1,1,3887.85,0,48,0,0,1,1,83.45,1,0,0,0
0,0,0,0,0,0,0,0,0,1,0,0,1,1,1,1,0,34.75,0,2,0,1,0,0,20.2,0,0,0,0
0,1,0,0,0,0,1,1,0,1,1,0,1,1,1,0,0,239.55,0,4,0,0,1,0,50.85,0,0,1,1
0,1,0,1,1,1,0,0,1,0,0,1,1,0,0,0,0,3353.4,0,71,1,1,1,0,46.35,0,1,0,0
1,0,0,0,0,0,1,1,0,1,1,0,1,0,0,0,1,613.4,1,8,1,0,1,0,84.0,1,0,1,1
0,0,0,0,0,0,1,1,0,1,0,0,0,1,0,0,0,63.15,0,3,0,0,0,0,20.4,0,0,0,0
0,0,1,0,0,0,0,1,0,1,0,0,1,0,0,0,0,2065.4,1,28,0,1,1,0,76.55,0,1,0,0
0,0,1,1,0,0,1,0,0,1,1,0,0,0,0,0,0,1698.55,0,65,0,0,0,0,26.5,0,0,0,0
0,0,1,0,1,0,1,1,0,1,1,0,1,0,0,0,0,2656.5,1,33,1,0,1,0,80.6,1,0,1,1
0,1,0,1,1,0,1,0,0,0,0,1,0,1,0,0,0,1982.1,0,52,0,0,1,0,39.1,0,1,0,0
0,0,0,0,0,1,1,1,0,1,1,1,1,0,0,0,0,1222.05,1,11,0,0,1,1,96.2,1,1,1,1
0,0,1,1,0,0,1,0,1,1,0,1,1,0,0,0,0,4513.65,1,56,0,0,1,0,80.3,0,0,0,0
1,0,0,0,0,0,0,1,0,1,0,0,1,0,0,0,1,676.7,1,7,1,1,1,1,89.5,1,0,1,1
1,1,0,0,0,0,0,1,0,1,0,1,0,0,0,0,0,47.95,0,1,0,1,1,0,47.95,0,0,0,0
1,0,0,1,1,0,0,0,0,1,0,1,0,0,0,0,1,7171.7,1,67,1,1,1,1,105.05,1,1,0,0
1,0,0,0,0,0,1,1,0,1,0,0,0,0,0,0,0,70.2,1,1,1,0,1,0,70.2,1,0,0,0
1,0,0,0,0,0,1,0,1,1,1,0,0,0,0,1,1,5409.75,1,55,1,0,1,1,100.15,1,0,0,0
0,1,0,0,0,1,1,0,1,1,0,0,0,0,0,1,1,74.1,0,1,0,0,1,1,74.1,0,1,0,0
0,1,1,0,0,0,1,1,0,1,0,1,0,0,0,0,1,574.5,0,8,0,0,1,0,66.05,0,1,0,0
0,1,1,0,1,0,0,0,0,1,0,1,1,0,0,1,0,4119.4,0,67,1,1,1,0,60.95,1,1,0,0
0,0,0,1,0,0,0,0,0,1,1,0,0,1,1,0,0,1424.2,0,56,0,1,0,0,24.8,1,0,0,0
0,1,0,0,0,1,1,0,1,1,1,0,0,0,0,1,1,4847.05,0,60,0,0,1,1,80.55,0,1,0,0
0,1,1,0,0,0,0,1,0,1,0,0,1,0,0,0,0,664.4,0,14,0,1,1,0,48.8,0,1,0,0
0,0,0,0,1,1,1,1,0,1,0,1,0,0,0,0,1,1426.4,1,15,0,0,1,1,99.1,1,0,1,1
1,0,0,0,1,0,1,1,1,1,0,0,0,0,0,0,1,3634.8,1,34,0,0,1,1,105.1,1,1,0,0
0,0,0,0,0,1,1,1,0,1,0,0,0,0,0,0,0,96.1,0,5,0,0,0,0,20.55,0,0,0,0
1,1,0,0,0,0,0,1,0,0,0,0,0,0,0,0,1,35.55,0,1,0,1,1,0,35.55,1,0,1,1
0,0,0,0,0,0,1,1,0,1,0,0,0,1,0,0,0,220.35,0,12,0,0,0,0,19.7,0,0,0,0
0,0,0,0,1,1,0,1,0,1,1,0,0,0,0,0,1,919.4,1,9,1,1,1,1,99.45,1,0,1,1
1,0,0,0,0,0,0,1,0,1,1,0,0,0,0,0,1,338.9,1,4,0,1,1,0,85.65,1,0,1,1
0,0,1,0,0,0,0,1,1,1,1,0,0,0,0,0,1,1640.0,1,17,0,1,1,0,95.65,1,1,0,0
0,0,1,1,0,0,1,0,0,1,0,0,1,0,1,0,0,854.8,0,39,0,0,0,0,19.85,1,0,0,0
0,0,0,0,1,1,0,1,0,1,0,0,1,0,1,0,0,74.6,1,1,0,1,1,0,74.6,0,0,0,0
0,1,0,0,0,0,0,1,0,1,0,0,0,1,1,0,0,659.35,0,13,0,1,1,0,44.0,0,0,0,0
0,0,1,0,0,0,0,1,0,1,0,0,1,0,0,0,0,1167.8,1,16,1,1,1,0,71.8,1,0,1,1
1,0,0,0,1,0,1,1,0,1,1,1,0,0,0,0,1,1789.25,1,19,0,0,1,0,95.15,1,0,1,1
1,0,0,0,0,0,1,1,1,1,0,0,1,0,1,0,0,325.45,1,4,0,0,1,0,73.75,1,0,1,1
0,0,1,1,0,0,0,0,0,1,1,0,0,0,0,0,0,1110.05,0,43,0,1,0,0,26.45,0,0,0,0
1,1,0,0,1,0,1,0,1,0,0,1,1,0,0,1,1,2911.5,0,60,0,0,1,0,50.05,0,0,0,0
0,0,0,0,0,1,0,1,0,1,1,0,0,0,1,0,0,871.4,1,12,0,1,1,0,73.75,1,0,1,1
0,0,1,0,0,0,1,0,1,1,1,0,1,0,1,1,1,5301.1,1,52,0,0,1,1,101.25,0,0,0,0
0,0,0,0,0,0,1,1,0,1,0,0,1,1,1,0,0,275.9,0,16,0,0,0,0,19.35,0,0,0,0
1,0,0,0,0,0,1,1,0,1,0,0,0,0,0,0,1,195.05,1,2,1,0,1,0,79.6,1,0,1,1
1,0,0,0,1,0,0,0,1,1,1,0,1,0,1,1,0,5918.8,1,67,0,1,1,0,87.4,0,0,1,1
0,0,0,0,1,1,1,1,0,1,1,0,1,0,1,0,0,1267.95,1,16,0,0,1,0,79.95,1,0,0,0
1,1,0,0,0,0,1,1,1,1,0,0,0,0,0,0,1,160.8,0,2,0,0,1,1,76.4,0,1,1,1
1,0,0,0,0,0,1,1,0,1,0,0,0,0,0,0,0,1493.2,1,21,0,0,1,0,68.65,1,0,0,0
0,0,1,1,0,0,1,0,0,1,0,0,1,0,0,0,0,1303.5,0,70,0,0,0,0,19.45,0,0,0,0
0,1,1,0,1,0,0,1,1,1,0,1,0,0,0,0,0,2156.25,0,31,0,1,1,1,72.45,1,1,0,0
1,0,0,0,0,0,1,1,1,1,1,0,0,0,0,0,0,2193.0,1,26,0,0,1,0,80.7,1,0,0,0
0,1,1,1,1,0,0,0,1,1,0,1,1,0,0,0,1,5595.3,0,66,0,1,1,1,85.9,1,1,0,0
1,0,0,0,0,0,0,0,1,1,1,0,1,0,1,1,1,4213.35,1,41,0,1,1,1,102.6,1,1,1,1
0,0,0,0,1,1,0,1,0,1,1,0,0,0,1,0,0,1949.4,1,22,0,1,1,1,89.1,1,0,0,0
1,1,0,0,0,0,0,1,0,1,0,0,0,0,0,0,1,546.45,0,8,0,1,1,1,66.25,1,0,0,0
0,1,0,0,0,0,0,1,0,0,0,1,0,1,0,0,0,1011.5,0,21,0,1,1,1,43.55,1,1,0,0
0,0,0,0,0,0,1,1,0,1,0,0,1,1,0,0,0,41.85,0,2,0,0,0,0,20.35,0,0,0,0
1,0,0,0,0,0,1,1,0,1,1,0,0,0,1,0,0,966.55,1,12,0,0,1,1,84.05,1,0,0,0
1,0,0,0,1,0,1,0,1,1,1,1,0,0,0,1,1,4874.8,1,46,1,0,1,1,110.0,1,0,1,1
0,0,1,0,0,0,0,0,0,1,1,0,1,0,1,1,1,2568.15,1,28,0,1,1,1,92.2,0,0,0,0
0,0,0,0,0,0,0,0,0,1,0,0,0,1,1,1,0,1238.65,0,56,0,1,0,0,21.2,1,0,0,0
1,1,0,0,0,0,0,1,0,1,0,0,0,0,0,0,1,238.5,0,4,0,1,1,0,55.9,1,0,0,0
0,0,1,1,0,0,0,0,0,1,0,0,0,0,0,0,0,1434.1,0,72,0,1,0,0,19.85,0,0,0,0
1,1,0,1,1,0,1,0,0,1,1,1,0,0,1,0,0,4891.5,0,70,0,0,1,0,66.0,0,1,0,0
1,0,0,0,0,0,1,1,1,1,1,0,1,0,0,0,1,3046.05,1,28,0,0,1,1,104.8,1,1,1,1
1,0,0,0,1,0,1,1,0,1,0,0,0,0,0,0,1,512.45,1,5,0,0,1,1,96.25,1,0,1,1
0,0,0,0,0,0,0,0,0,1,0,0,1,1,1,1,0,1061.6,0,57,0,1,0,0,19.4,0,0,0,0
0,1,1,1,0,0,0,0,0,1,0,1,1,0,0,0,0,3778.2,0,71,0,1,1,0,54.5,0,1,0,0
0,0,0,0,0,1,0,1,0,1,1,0,1,0,0,0,1,2866.45,1,30,0,1,1,1,94.05,1,0,1,1
0,1,0,0,0,0,0,1,1,0,0,0,0,1,0,0,0,130.75,0,3,0,1,1,1,40.15,1,0,1,1
1,0,0,0,0,0,0,1,0,1,0,0,0,0,0,0,0,912.0,1,12,0,1,1,1,81.45,1,0,0,0
0,0,0,0,0,0,0,1,1,1,1,0,0,1,0,0,0,2281.6,1,26,0,1,1,0,84.3,1,1,0,0
0,1,1,0,0,0,0,1,0,1,1,1,0,0,0,0,1,1111.2,0,17,0,1,1,0,65.75,0,0,0,0
0,0,1,0,0,0,1,1,0,1,0,1,1,0,0,0,0,1929.35,1,27,1,0,1,0,75.2,1,0,1,1
0,0,0,1,1,1,1,0,1,1,1,1,1,0,0,0,1,7965.95,1,72,0,0,1,1,112.1,0,1,0,0
1,1,0,0,0,0,0,1,0,1,0,1,1,0,0,0,0,1152.7,0,22,0,1,1,0,54.2,1,1,1,1
1,0,0,0,0,0,0,1,0,1,0,0,0,0,0,0,1,80.5,1,1,0,1,1,0,80.5,0,0,1,1
0,1,0,0,0,0,0,0,1,1,1,1,1,1,1,1,1,1990.5,0,24,0,1,1,1,84.8,1,1,0,0
0,0,0,0,0,1,1,0,1,1,1,1,0,0,0,1,1,5785.5,1,53,0,0,1,1,106.95,1,0,1,1
0,0,1,0,0,0,0,1,0,1,0,1,0,0,0,0,0,1952.25,1,25,0,1,1,0,74.3,0,0,0,0
0,1,0,1,1,0,1,0,0,0,0,1,1,1,1,0,1,4145.25,0,71,0,0,1,1,58.65,0,1,0,0
0,1,0,0,0,0,1,0,1,1,0,0,1,1,0,1,1,1597.4,0,26,1,0,1,0,60.7,0,0,0,0
0,0,1,0,1,0,0,0,0,1,1,0,1,0,1,1,0,4299.75,1,51,0,1,1,0,84.2,0,1,0,0
0,0,0,0,0,1,0,0,0,1,1,0,0,0,0,1,0,321.7,0,14,0,1,0,0,24.8,1,0,0,0
0,0,1,0,1,0,1,1,0,1,1,0,0,0,1,0,0,3645.05,1,41,0,0,1,1,88.5,1,0,0,0
0,0,0,1,0,0,0,0,0,1,0,0,1,1,1,0,0,1177.05,0,63,0,1,0,0,19.15,1,0,0,0
0,1,0,0,0,1,0,0,0,1,1,1,1,0,0,1,0,2386.85,0,42,0,1,1,0,56.1,0,0,0,0
0,0,1,0,0,0,1,0,1,1,1,1,1,0,0,1,1,4228.55,1,40,0,0,1,1,105.75,0,0,0,0
0,1,1,0,1,0,0,1,0,1,0,1,1,0,0,0,0,825.1,0,16,1,1,1,0,54.55,1,0,0,0
1,0,0,0,0,0,1,1,0,1,1,0,0,0,0,0,1,85.0,1,1,0,0,1,0,85.0,1,0,1,1
0,0,0,0,0,0,1,1,0,1,0,0,0,1,0,0,0,71.1,1,1,0,0,1,0,71.1,0,0,0,0
1,0,0,0,1,0,1,1,0,1,1,0,1,0,1,0,0,3340.55,1,37,0,0,1,1,88.8,1,0,0,0
1,0,0,0,0,0,1,0,1,1,1,1,1,0,0,1,1,6312.9,1,62,1,0,1,1,104.85,1,0,0,0
0,1,0,0,0,1,0,0,0,0,0,0,1,0,1,1,0,947.75,0,39,0,1,1,0,25.25,1,0,0,0
1,1,0,1,1,0,1,0,1,0,0,0,1,0,1,0,1,3656.25,0,68,1,0,1,1,53.0,1,0,0,0
0,0,1,1,1,0,1,0,0,1,1,0,1,0,0,0,1,5971.25,1,61,0,0,1,1,101.05,1,0,0,0
0,0,0,1,0,0,1,0,0,1,0,0,1,1,0,0,0,292.4,0,14,0,0,0,0,20.4,0,0,0,0
0,0,0,0,0,0,1,0,0,1,0,0,0,1,0,1,0,755.5,0,38,0,0,0,0,19.3,0,0,0,0
0,0,0,0,0,0,0,1,0,1,1,0,0,1,0,0,0,545.15,1,7,1,1,1,0,73.75,0,0,1,1
0,0,0,0,1,1,1,0,1,1,1,0,1,0,0,1,0,5762.95,1,68,0,0,1,0,86.45,0,0,0,0
0,0,1,1,0,0,1,0,0,1,0,0,1,0,1,0,0,1460.85,0,72,0,0,0,0,20.1,0,0,0,0
0,1,1,0,0,0,1,1,0,1,0,1,0,0,0,0,0,235.65,0,4,0,0,1,0,50.55,1,0,0,0
0,1,0,0,0,1,0,1,0,1,0,1,1,0,0,0,0,568.85,0,10,0,1,1,0,54.95,1,1,0,0
1,0,0,0,0,0,0,1,1,1,1,0,1,0,0,0,1,1037.75,1,10,0,1,1,1,98.5,1,0,1,1
0,1,1,0,0,0,1,1,0,1,1,0,0,0,0,0,1,1067.05,0,16,0,0,1,0,63.05,1,0,0,0
1,1,0,1,0,0,1,0,0,0,0,1,1,0,0,0,0,1593.1,0,37,0,0,1,1,45.4,0,1,0,0
1,0,0,0,1,0,0,1,0,1,0,1,0,0,0,0,0,494.95,1,6,0,1,1,0,78.95,1,0,0,0
0,0,0,0,1,0,1,1,0,1,1,0,0,1,0,0,0,80.2,1,1,0,0,1,0,80.2,1,0,1,1
0,1,0,0,0,0,1,1,0,0,0,0,0,1,0,0,1,35.05,0,1,0,0,1,0,35.05,0,0,1,1
1,0,0,1,0,0,1,0,1,1,1,0,0,0,0,0,1,6428.4,1,61,0,0,1,1,106.6,1,1,1,1
0,0,0,0,1,1,0,1,1,1,1,0,0,0,0,0,1,3691.2,1,38,0,1,1,0,95.1,1,0,0,0
1,1,0,0,0,0,0,1,0,1,0,0,1,0,1,0,0,44.55,0,1,0,1,1,0,44.55,0,0,0,0
0,1,1,0,1,0,1,0,1,0,0,1,1,0,0,1,1,4689.15,0,71,0,0,1,1,66.8,0,1,0,0
0,0,1,0,0,0,0,0,0,1,1,0,0,0,0,1,0,847.8,0,33,1,1,0,0,24.9,1,0,0,0
0,0,0,0,0,1,1,1,0,1,1,0,0,0,1,0,0,2697.4,1,31,0,0,1,1,86.55,1,0,1,1
0,1,0,0,0,0,1,1,0,1,0,0,1,1,0,0,0,323.45,0,6,0,0,1,0,45.65,0,0,0,0
0,0,0,0,1,1,0,0,0,1,1,0,1,0,0,1,1,4614.55,1,51,0,1,1,0,90.35,1,0,0,0
0,0,0,1,1,1,1,0,1,1,1,1,1,0,1,0,0,7657.4,1,72,0,0,1,1,106.1,0,1,0,0
0,0,0,0,0,1,1,0,0,1,1,0,0,0,0,1,0,615.35,0,23,0,0,0,0,24.8,0,0,0,0
0,0,0,0,0,0,1,0,0,1,0,0,0,1,1,1,0,96.8,0,7,0,0,0,0,20.05,0,0,0,0
1,0,0,0,0,0,1,1,0,1,0,0,1,0,0,0,0,576.65,1,7,0,0,1,1,81.1,1,0,1,1
0,1,1,1,1,0,1,0,0,1,1,1,1,0,1,0,1,5215.1,0,65,0,0,1,1,82.5,1,1,0,0
0,0,0,1,0,0,1,0,0,1,0,0,1,1,1,0,0,1401.4,0,70,0,0,0,0,19.2,1,0,0,0
0,1,0,1,1,1,0,0,1,1,0,1,1,0,0,0,1,4307.1,0,51,0,1,1,1,83.85,1,1,0,0
1,1,0,0,0,0,1,1,0,1,0,1,0,0,0,0,0,762.25,0,16,0,0,1,0,50.15,1,0,1,1
0,0,0,0,0,0,1,1,0,1,0,0,0,1,0,0,0,20.5,0,1,0,0,0,0,20.5,0,0,0,0
1,0,0,0,1,0,0,1,1,1,1,0,0,0,0,0,1,500.1,1,5,0,1,1,0,96.55,0,0,0,0
0,0,0,1,1,1,0,0,1,1,1,1,1,0,1,0,1,8152.3,1,70,0,1,1,1,116.55,1,1,0,0
1,0,0,0,0,0,0,1,0,1,0,0,0,0,0,0,0,112.3,0,7,0,1,0,0,19.25,0,0,1,1
0,1,0,0,1,0,1,1,0,0,0,0,0,1,0,0,0,226.95,0,8,0,0,1,0,29.25,1,0,0,0
1,1,0,0,1,0,1,1,1,1,1,0,1,0,0,0,1,2310.2,0,27,1,0,1,1,83.85,0,1,0,0
0,0,0,1,1,1,0,0,1,1,0,0,1,0,0,0,1,6707.15,1,71,1,1,1,0,95.5,1,1,0,0
1,1,0,1,1,0,1,0,1,1,1,1,0,0,0,0,1,5308.7,0,61,0,0,1,1,89.65,0,1,0,0
1,1,0,0,0,0,0,1,1,1,0,1,0,0,0,0,1,579.0,0,8,0,1,1,0,66.7,1,0,0,0
0,0,1,1,1,0,1,0,1,1,1,1,0,0,0,0,1,8013.55,1,72,0,0,1,1,116.45,1,1,0,0
0,0,0,1,0,1,1,0,0,1,0,0,0,0,0,0,0,762.45,0,39,0,0,0,0,20.7,0,0,0,0
1,0,0,0,0,0,0,1,1,1,1,1,1,0,0,0,1,6812.95,1,65,0,1,1,1,104.25,1,0,0,0
0,0,1,0,1,0,1,1,0,1,0,0,0,0,0,0,1,1956.4,1,21,0,0,1,1,99.15,1,1,0,0
1,0,0,0,0,0,1,1,0,1,1,0,0,0,0,0,1,424.45,1,4,1,0,1,1,94.3,1,0,1,1
0,1,0,0,0,0,0,1,0,1,0,1,0,1,0,0,0,654.85,0,12,0,1,1,0,56.65,0,1,1,1
0,1,0,1,0,1,1,0,1,1,1,1,1,0,1,0,1,5893.9,0,72,0,0,1,1,84.7,0,1,0,0
0,0,0,0,0,1,1,1,0,1,0,0,0,0,0,0,0,601.6,0,29,0,0,0,0,19.35,0,0,0,0
1,1,0,0,0,0,1,1,0,0,0,0,0,0,0,0,0,926.2,0,29,0,0,1,0,31.2,1,1,0,0
0,0,0,0,1,0,1,1,0,1,1,1,0,1,0,0,1,2660.2,1,25,1,0,1,1,102.8,1,0,1,1
1,0,0,1,0,0,1,0,0,1,1,0,0,0,1,0,0,1070.15,0,43,0,0,0,0,25.1,1,0,0,0
0,0,0,1,1,1,1,0,0,1,1,1,1,0,0,0,1,6393.65,1,58,0,0,1,1,109.1,1,1,0,0
0,1,1,0,1,0,0,0,0,1,0,0,0,0,0,1,1,4284.65,0,56,0,1,1,1,75.75,1,1,0,0
1,0,0,0,0,0,1,1,0,1,0,0,0,0,0,0,0,268.35,1,4,0,0,1,0,70.15,1,0,1,1
0,1,0,0,0,0,0,1,0,1,0,0,0,1,0,0,0,278.4,0,7,0,1,1,0,43.9,0,0,0,0
0,0,1,1,0,0,1,0,1,1,1,0,1,0,0,0,0,5974.3,1,68,0,0,1,1,89.95,1,0,0,0
1,0,0,0,1,0,0,1,0,1,0,0,0,0,0,0,0,1074.3,1,15,1,1,1,0,74.4,1,0,1,1
0,0,1,1,0,0,0,0,0,1,1,0,0,0,0,0,0,1713.1,0,69,0,1,0,0,23.95,0,0,0,0
1,1,0,0,0,0,1,1,0,0,0,1,0,0,0,0,0,664.4,0,16,0,0,1,1,38.9,1,0,0,0
1,0,0,0,1,0,1,1,1,1,0,0,1,0,1,0,0,5511.65,1,58,0,0,1,1,91.55,1,0,0,0
0,1,0,0,0,0,1,1,0,1,0,0,0,1,0,0,0,44.4,0,1,0,0,1,0,44.4,0,0,1,1
1,1,0,0,0,0,1,1,0,1,0,0,0,0,0,0,1,340.4,0,6,0,0,1,0,55.0,1,0,0,0
1,0,0,0,0,0,1,1,0,1,1,0,0,0,0,0,0,474.8,1,5,0,0,1,1,85.2,1,0,1,1
0,0,0,0,0,0,1,1,1,1,1,0,0,1,0,0,0,1835.3,1,23,1,0,1,0,79.35,1,0,0,0
0,1,1,0,1,0,0,0,1,1,0,1,1,0,1,1,1,5264.5,0,61,0,1,1,1,84.9,0,1,0,0
0,1,1,0,0,0,1,0,0,1,0,0,0,0,0,1,0,2029.05,0,41,0,0,1,0,50.05,0,1,0,0
0,0,0,0,0,0,0,1,0,1,0,0,0,1,0,0,0,19.9,0,1,0,1,0,0,19.9,1,0,0,0
0,0,0,0,0,1,0,1,1,1,0,0,0,0,0,0,1,256.75,1,3,0,1,1,0,85.7,0,0,0,0
1,0,0,0,1,0,0,1,0,1,1,0,0,0,1,0,0,1430.05,1,15,0,1,1,1,91.0,1,0,0,0
1,0,0,0,1,0,0,0,1,1,1,0,1,0,0,1,1,6273.4,1,66,0,1,1,0,95.3,0,0,0,0
0,0,1,0,0,0,1,1,0,1,0,0,0,0,0,0,1,947.3,1,12,0,0,1,0,78.1,0,0,1,1
0,0,0,0,0,0,0,0,0,1,0,0,0,1,0,1,0,310.6,0,17,0,1,0,0,19.95,0,0,0,0
0,0,1,0,1,0,0,0,1,1,0,0,1,0,1,1,0,2768.35,1,28,0,1,1,1,92.9,0,1,0,0
0,0,1,1,0,0,1,0,0,1,0,0,1,0,1,0,0,1500.95,0,71,0,0,0,0,20.5,0,0,0,0
0,0,0,0,1,1,0,0,1,1,1,1,0,0,0,1,1,5791.1,1,50,0,1,1,1,114.35,0,1,0,0
0,0,0,0,0,0,0,1,0,1,0,0,1,1,1,0,0,122.9,0,6,0,1,0,0,19.55,0,0,0,0
1,1,0,0,0,0,0,1,1,1,0,0,0,0,1,0,0,49.85,0,1,0,1,1,0,49.85,1,0,0,0
0,1,0,0,0,1,1,1,0,1,0,1,0,0,0,0,0,1054.6,0,22,0,0,1,0,48.8,1,0,1,1
0,0,0,1,0,1,0,0,0,1,1,0,1,0,1,0,0,1867.7,0,72,0,1,0,0,25.55,0,0,0,0
1,0,0,0,0,0,1,1,0,1,1,0,0,0,0,0,1,1215.65,1,13,0,0,1,0,85.95,1,0,0,0
1,0,0,0,0,0,0,1,1,1,0,0,0,0,0,0,1,356.65,1,4,0,1,1,0,90.4,1,1,0,0
0,0,0,0,0,0,1,0,0,1,0,1,1,1,0,1,1,6314.35,1,64,0,0,1,1,96.9,1,1,0,0
1,0,0,0,0,0,1,1,1,1,1,0,1,0,0,0,1,6751.35,1,61,0,0,1,1,106.35,1,1,0,0
0,0,1,1,0,0,0,0,0,1,0,0,0,0,1,0,0,1250.1,0,62,0,1,0,0,20.0,0,0,0,0
0,0,0,1,0,1,1,0,0,1,0,0,0,0,0,0,0,1441.65,0,68,0,0,0,0,19.6,0,0,0,0
1,1,0,0,0,0,1,1,0,1,0,0,0,0,0,0,1,458.1,0,7,0,0,1,1,66.85,1,0,0,0
0,0,0,0,0,0,1,1,0,1,0,0,0,1,0,0,0,246.25,0,12,0,0,0,0,19.45,0,0,0,0
0,1,1,0,1,0,1,1,0,1,1,1,0,0,0,0,0,1718.95,0,29,1,0,1,0,58.55,1,0,0,0
0,1,1,1,1,0,1,0,1,1,0,1,0,0,0,0,0,3306.85,0,49,0,0,1,0,67.4,0,1,0,0
0,1,0,1,0,1,1,0,1,1,0,1,1,0,1,0,1,5999.85,0,71,0,0,1,1,82.0,1,1,0,0
1,1,0,0,0,0,0,1,0,1,0,0,0,0,0,0,0,46.3,0,1,1,1,1,0,46.3,0,0,0,0
0,0,0,0,0,0,0,0,0,1,1,0,1,1,1,1,0,1216.35,0,51,0,1,0,0,23.95,1,0,0,0
1,1,0,1,1,0,0,0,1,0,0,1,1,0,0,0,1,4746.05,0,72,0,1,1,1,64.7,1,1,0,0
0,1,0,0,1,1,1,0,0,0,0,1,0,0,0,1,0,1082.75,0,29,0,0,1,0,39.5,0,1,0,0
0,0,0,0,0,0,1,0,0,1,1,0,1,1,0,1,0,672.2,0,28,0,0,0,0,25.55,0,0,0,0
0,1,0,0,0,0,1,0,1,1,0,1,0,1,1,1,1,1336.8,0,21,0,0,1,0,64.85,0,0,0,0
0,0,0,0,0,1,0,1,0,1,1,0,0,0,0,0,1,2104.55,1,22,0,1,1,1,94.65,1,0,1,1
1,0,0,0,0,0,1,1,1,1,1,0,1,0,0,0,0,1951.0,1,20,1,0,1,1,90.8,0,0,1,1
0,1,0,0,0,0,1,0,1,1,0,0,0,1,0,1,0,2023.55,0,40,0,0,1,0,50.25,1,0,0,0
0,0,0,0,1,0,1,0,0,1,1,0,1,1,1,1,1,4941.8,1,49,0,0,1,1,100.45,0,0,1,1
0,0,1,0,1,0,1,0,1,1,1,1,0,0,0,1,1,5680.9,1,51,0,0,1,1,107.45,0,0,0,0
1,0,0,0,0,0,0,1,0,1,1,0,1,0,0,0,1,3473.4,1,37,1,1,1,1,92.5,1,0,1,1
1,0,0,0,0,0,1,1,0,1,0,0,0,0,0,0,0,69.6,1,1,1,0,1,0,69.6,1,0,1,1
0,0,1,0,0,0,1,1,0,1,0,0,0,0,0,0,0,19.9,0,1,0,0,0,0,19.9,0,0,0,0
0,0,0,0,0,0,1,0,0,1,0,0,1,1,0,1,0,727.8,0,37,1,0,0,0,19.6,0,0,0,0
1,0,0,0,0,0,0,1,0,1,1,0,0,0,0,0,1,2404.1,1,26,1,1,1,1,93.6,1,0,0,0
1,0,0,0,0,0,1,1,0,1,0,0,0,0,0,0,0,137.95,1,2,0,0,1,0,70.95,1,0,1,1
0,0,0,0,0,0,1,0,0,1,0,0,0,1,0,1,0,678.2,0,38,0,0,0,0,20.05,0,0,0,0
0,0,0,1,1,1,0,0,0,1,1,1,1,0,0,0,1,7875.0,1,72,0,1,1,1,108.95,1,1,0,0
0,0,1,0,0,0,1,1,0,1,0,0,0,0,0,0,1,1047.7,1,11,1,0,1,1,89.7,0,0,1,1
0,0,1,1,0,0,0,0,0,1,1,0,0,0,0,0,0,1444.05,0,56,0,1,0,0,25.95,1,0,0,0
1,0,0,0,1,0,1,1,0,1,1,0,1,0,0,0,1,1620.8,1,19,0,0,1,0,89.1,1,0,0,0
0,0,1,0,0,0,0,0,1,1,1,1,1,0,1,1,1,7848.5,1,72,0,1,1,1,106.1,1,0,0,0
0,0,1,0,0,0,1,1,0,1,1,0,1,0,1,0,1,264.85,1,3,0,0,1,0,84.75,1,0,1,1
0,0,0,0,0,0,1,1,0,1,0,0,1,1,0,0,0,55.25,0,3,0,0,0,0,19.6,1,0,0,0
0,0,0,1,0,1,1,0,0,1,1,0,1,0,1,0,0,949.8,0,35,0,0,0,0,25.4,1,0,0,0
0,0,0,1,0,0,0,0,0,1,1,0,1,1,1,0,0,1345.85,0,52,0,1,0,0,25.75,0,0,0,0
1,0,0,0,1,0,1,1,1,1,1,1,1,0,0,0,1,5647.95,1,52,1,0,1,1,109.1,1,0,0,0
0,0,0,0,0,1,1,1,0,1,0,1,1,0,0,0,0,3229.4,1,42,1,0,1,0,74.15,1,0,1,1
1,1,0,0,1,0,0,1,0,1,0,1,0,0,1,0,0,2654.05,0,47,0,1,1,0,55.3,1,0,0,0
0,0,0,0,0,1,1,1,0,1,0,0,1,0,0,0,1,2196.45,1,26,0,0,1,0,85.9,0,1,0,0
1,0,0,0,1,0,0,1,1,1,1,0,1,0,1,0,1,2157.95,1,21,0,1,1,1,104.4,0,0,1,1
1,1,0,0,1,0,0,0,1,0,0,0,0,0,0,1,1,2966.95,0,54,1,1,1,1,55.45,1,0,0,0
1,0,0,0,0,0,1,1,0,1,0,0,0,0,0,0,0,57.4,0,2,0,0,0,0,19.9,0,0,0,0
0,0,0,0,1,1,1,1,0,1,1,0,1,0,0,0,1,242.95,1,3,0,0,1,0,91.5,1,0,1,1
1,0,0,0,0,0,0,1,1,1,0,0,0,0,0,0,1,178.1,1,2,0,1,1,1,94.95,0,0,1,1
0,1,1,0,1,0,0,0,1,1,1,0,1,0,1,1,1,5139.65,0,71,1,1,1,0,72.9,1,1,0,0
1,0,0,0,1,0,1,1,1,1,1,0,1,0,0,0,0,5044.8,1,55,1,0,1,0,90.45,0,1,0,0
1,0,0,0,0,0,0,1,1,1,0,0,1,0,0,0,1,498.1,1,5,0,1,1,1,94.45,1,0,1,1
0,0,0,0,0,1,0,1,1,1,1,0,1,0,0,0,0,5589.3,1,68,1,1,1,0,80.35,1,0,0,0
1,0,0,0,1,0,0,1,1,1,1,0,1,0,0,0,1,3092.0,1,33,0,1,1,0,93.35,1,0,0,0
0,0,0,1,0,0,0,0,0,1,0,0,1,1,1,0,0,879.8,0,41,0,1,0,0,20.0,1,0,0,0
0,0,0,1,0,0,0,0,0,1,0,0,1,1,0,0,0,973.1,0,47,0,1,0,0,19.65,0,0,0,0
1,1,0,0,0,0,1,1,0,1,1,1,0,0,1,0,1,1166.7,0,18,0,0,1,0,64.8,0,0,0,0
1,0,0,0,1,0,1,1,0,1,1,0,1,0,1,0,1,3217.65,1,32,1,0,1,1,100.4,1,0,0,0
0,0,1,0,0,0,0,1,0,1,0,0,0,0,0,0,0,327.45,0,16,0,1,0,0,20.25,0,0,1,1
0,0,0,0,0,1,0,0,0,1,1,1,0,0,0,1,1,6687.85,1,71,0,1,1,0,97.65,0,1,0,0
0,1,0,1,1,1,0,0,1,1,1,1,1,0,0,0,1,5810.9,0,72,0,1,1,0,79.55,0,1,0,0
1,0,0,0,0,0,1,1,1,1,1,0,0,0,0,0,0,3941.7,1,45,0,0,1,0,87.25,1,1,1,1
0,1,0,0,0,0,0,1,0,0,0,0,0,1,1,0,0,215.2,0,8,0,1,1,0,25.5,0,0,1,1
1,0,0,0,1,0,1,0,1,1,1,0,1,0,1,1,1,7475.85,1,70,1,0,1,1,107.9,1,1,0,0
1,0,0,0,0,0,1,1,1,1,0,0,1,0,0,0,0,1797.75,1,25,0,0,1,0,74.6,1,0,0,0
1,0,0,0,1,0,0,1,1,1,1,1,1,0,1,0,0,4541.2,1,46,1,1,1,1,100.7,1,0,1,1
0,1,0,1,0,0,1,0,0,1,0,1,0,1,0,0,1,3846.75,0,62,0,0,1,0,65.1,1,1,0,0
0,0,0,1,0,0,1,0,1,1,1,1,1,1,1,0,1,7576.7,1,72,0,0,1,1,107.45,0,1,0,0
1,0,0,0,0,0,0,0,1,1,1,0,0,0,0,1,0,1410.25,1,17,0,1,1,0,86.75,0,1,0,0
0,0,1,0,0,0,0,1,0,1,0,0,0,0,1,0,0,159.2,0,8,0,1,0,0,19.45,0,0,0,0
0,0,1,0,1,0,1,0,0,1,1,1,1,0,0,1,1,5763.3,1,54,0,0,1,1,106.55,0,0,1,1
0,0,1,0,1,0,1,1,1,1,1,0,0,0,0,0,0,3969.35,1,47,1,0,1,0,85.2,1,0,1,1
0,1,0,0,0,0,0,1,0,1,0,0,0,1,0,0,0,45.55,0,1,0,1,1,0,45.55,1,0,0,0
1,0,0,0,0,0,0,1,0,1,1,0,0,0,0,0,0,678.45,1,9,1,1,1,0,74.05,1,0,0,0
0,0,0,0,0,0,1,1,0,1,0,0,1,1,0,0,0,3649.6,1,51,0,0,1,0,69.15,0,0,0,0
0,0,0,1,1,1,0,0,1,1,1,0,1,0,0,0,1,7690.9,1,71,0,1,1,1,108.6,1,1,1,1
0,0,0,0,0,0,0,1,0,1,0,0,0,1,0,0,0,19.65,0,1,0,1,0,0,19.65,0,0,1,1
1,1,0,0,1,0,1,1,0,0,0,0,1,0,0,0,0,82.85,0,3,1,0,1,0,30.75,1,0,0,0
1,0,0,0,0,0,1,1,1,1,0,1,0,0,0,0,0,2724.25,1,31,0,0,1,0,87.6,0,1,0,0
1,0,0,0,0,0,1,1,0,1,1,0,0,0,0,0,0,166.3,1,2,0,0,1,0,75.55,1,0,1,1
0,0,0,0,0,1,0,1,0,1,0,0,0,0,0,0,0,1205.5,1,16,0,1,1,0,69.95,1,0,0,0
0,0,1,1,1,0,1,0,1,1,1,1,1,0,1,0,1,8248.5,1,72,0,0,1,1,113.1,1,1,0,0
0,0,0,0,1,1,1,0,0,1,0,0,1,0,0,1,1,4062.2,1,40,1,0,1,1,99.2,1,1,1,1
0,1,0,1,0,1,1,0,1,1,0,1,0,0,0,0,1,5555.3,0,69,0,0,1,1,82.45,1,1,0,0
0,0,1,1,0,0,0,0,0,1,1,0,1,0,1,0,0,1738.9,0,72,0,1,0,0,25.0,0,0,0,0
1,0,0,0,0,0,1,1,1,1,0,0,0,0,0,0,0,220.95,1,3,1,0,1,1,86.85,1,0,1,1
1,0,0,0,0,0,1,1,0,1,0,0,1,0,0,0,0,1554.0,1,22,0,0,1,0,69.25,1,0,1,1
0,0,0,0,0,0,0,1,0,1,0,0,0,1,0,0,0,71.55,1,1,0,1,1,0,71.55,1,0,1,1
0,1,1,0,0,0,1,0,1,1,0,0,0,0,0,1,1,3268.05,0,44,1,0,1,1,74.85,0,1,0,0
0,0,0,0,0,0,0,1,0,1,1,0,1,1,0,0,0,306.6,1,4,1,1,1,0,74.4,1,0,1,1
0,0,0,1,0,1,1,0,0,1,1,0,1,0,0,0,0,1732.95,0,71,0,0,0,0,24.25,1,0,0,0
0,0,0,0,0,0,0,1,0,1,0,0,0,1,0,0,0,20.05,0,1,0,1,0,0,20.05,0,0,0,0
0,0,0,0,1,1,1,0,1,1,1,1,0,0,0,1,1,7133.45,1,62,0,0,1,1,115.05,1,1,0,0
0,0,0,1,0,1,0,0,1,1,1,1,1,0,0,0,1,8240.85,1,72,0,1,1,1,110.9,1,1,0,0
0,0,0,0,1,0,1,0,0,1,1,0,0,1,0,1,0,4297.6,1,52,0,0,1,0,80.2,1,0,0,0
0,0,0,1,0,0,1,0,0,1,0,0,0,1,0,0,0,826.0,0,39,0,0,0,0,20.15,0,0,0,0
0,0,0,1,0,1,0,0,0,1,0,0,1,0,1,0,0,1458.1,0,70,0,1,0,0,20.35,0,0,0,0
0,0,1,1,0,0,1,0,0,1,0,0,1,0,1,0,0,1389.6,0,71,0,0,0,0,20.1,0,0,0,0
1,0,0,0,0,0,1,1,0,1,1,0,0,0,0,0,0,302.35,1,4,0,0,1,0,75.65,1,0,0,0
0,0,0,0,1,1,1,0,1,1,1,0,0,0,0,1,1,3327.05,1,30,0,0,1,1,110.45,0,1,0,0
0,1,0,1,1,1,0,0,1,1,0,0,0,0,0,0,1,4534.45,0,56,0,1,1,1,81.8,1,1,0,0
0,1,1,0,1,0,0,1,1,0,0,0,1,0,0,0,1,3765.05,0,71,1,1,1,1,52.3,1,0,0,0
0,0,0,0,0,0,1,0,0,1,0,0,0,1,1,1,0,84.75,0,4,0,0,0,0,20.4,1,0,0,0
1,0,0,0,0,0,1,1,0,1,1,0,0,0,0,0,1,169.8,1,2,0,0,1,0,85.7,1,0,1,1
0,1,0,0,0,0,1,1,0,1,0,1,1,1,1,0,0,232.55,0,5,0,0,1,0,49.4,1,0,0,0
1,0,0,0,0,0,1,1,0,1,1,0,0,0,0,0,0,338.1,1,4,0,0,1,0,75.35,0,0,1,1
1,0,0,0,0,0,0,1,0,1,1,1,1,0,1,0,0,1857.75,1,24,1,1,1,0,79.85,1,0,0,0
1,1,0,0,0,0,0,1,0,0,0,0,0,0,0,0,0,82.15,0,3,0,1,1,0,30.4,0,1,0,0
0,0,1,0,1,0,1,0,1,1,1,1,0,0,0,1,1,3836.3,1,35,1,0,1,1,110.8,1,1,0,0
0,0,0,0,0,0,0,1,0,1,0,0,1,1,1,0,0,252.0,0,13,0,1,0,0,19.85,1,0,0,0
0,0,1,1,0,0,0,0,1,1,1,1,1,0,1,0,1,6937.95,1,65,0,1,1,1,108.65,0,1,1,1
1,0,0,0,0,0,0,1,1,1,1,0,1,0,1,0,1,4872.45,1,49,0,1,1,1,99.8,1,0,1,1
0,1,0,0,0,0,0,1,0,1,0,0,0,1,0,0,0,45.8,0,1,0,1,1,0,45.8,1,0,0,0
1,0,0,0,0,0,0,1,0,1,0,0,0,0,0,0,1,1201.15,1,13,1,1,1,1,90.5,1,0,1,1
0,1,1,1,0,0,0,0,1,1,0,1,1,0,1,0,0,3953.7,0,67,0,1,1,0,60.4,1,1,0,0
0,0,1,0,0,0,0,1,0,1,1,0,0,0,0,0,1,4200.25,1,45,1,1,1,1,93.9,1,0,0,0
0,0,1,0,0,0,0,0,0,1,0,0,0,0,1,1,0,779.2,0,39,0,1,0,0,19.35,0,0,0,0
0,1,1,1,1,0,1,0,0,0,0,1,1,0,0,0,0,2288.7,0,60,0,0,1,0,37.7,0,1,0,0
0,1,0,0,0,1,0,1,0,1,0,0,0,0,0,0,0,1093.2,0,19,0,1,1,1,61.55,1,1,0,0
0,0,0,0,1,1,0,1,0,1,1,0,0,0,0,0,1,4740.0,1,45,0,1,1,1,100.85,1,0,1,1
1,1,0,0,1,0,0,1,1,1,1,1,1,0,1,0,0,2000.2,0,30,0,1,1,0,67.6,0,1,0,0
0,1,1,0,0,0,0,1,0,1,0,0,0,0,0,0,0,45.25,0,1,1,1,1,0,45.25,0,0,0,0
0,1,0,0,1,1,1,0,0,1,0,0,1,0,1,1,0,2319.8,0,45,0,0,1,0,54.15,1,1,1,1
0,0,1,0,1,0,1,1,1,1,1,0,0,0,1,0,0,333.55,1,4,0,0,1,0,84.05,0,0,1,1
0,0,0,0,1,0,1,0,1,1,0,0,0,1,0,1,1,2239.4,1,21,0,0,1,1,104.55,1,1,0,0
0,1,0,0,1,0,0,1,0,1,0,1,0,1,1,0,0,2139.2,0,40,0,1,1,0,55.25,1,0,1,1
0,0,1,1,1,0,1,0,1,1,1,1,1,0,0,0,0,6827.5,1,72,1,0,1,0,96.6,1,1,0,0
0,1,0,0,1,1,1,0,0,1,1,1,1,0,0,1,0,3462.1,0,55,0,0,1,0,66.05,1,1,0,0
0,0,1,0,0,0,0,1,0,1,0,0,0,0,0,0,0,20.2,0,1,0,1,0,0,20.2,1,0,1,1
1,0,0,0,0,0,0,1,0,1,1,0,0,0,0,0,1,701.3,1,7,0,1,1,1,94.1,1,0,0,0
0,0,0,0,0,0,0,1,0,1,0,0,0,1,0,0,0,58.15,0,3,0,1,0,0,19.8,1,0,1,1
1,0,0,0,0,0,0,1,0,1,1,0,1,0,0,0,1,1687.95,1,18,0,1,1,1,94.7,1,0,1,1
0,0,0,1,0,0,1,0,0,1,0,0,1,1,1,0,0,255.55,0,14,0,0,0,0,18.8,0,0,0,0
1,1,0,1,0,0,0,0,1,1,0,1,1,0,0,0,1,5832.65,0,71,0,1,1,1,82.55,1,1,0,0
0,0,1,1,0,0,1,0,0,1,0,0,1,0,1,0,0,804.25,0,41,0,0,0,0,19.7,0,0,0,0
1,0,0,0,1,0,1,0,1,1,1,0,1,0,1,1,1,4295.35,1,44,0,0,1,0,94.4,0,0,0,0
0,1,0,0,0,1,0,1,0,1,0,0,0,0,0,0,0,109.25,0,2,0,1,1,0,50.2,1,1,0,0
1,1,0,0,1,0,0,1,0,1,0,0,0,0,0,0,0,357.6,0,6,0,1,1,1,59.45,0,0,0,0
0,1,1,0,0,0,1,0,0,1,0,0,1,0,0,1,0,1347.15,0,23,0,0,1,1,60.0,0,1,0,0
1,0,0,0,1,0,1,1,0,1,0,0,0,0,0,0,1,307.4,1,3,0,0,1,1,95.1,1,0,1,1
0,0,0,1,0,0,1,0,0,1,0,0,1,1,1,0,0,162.15,0,8,0,0,0,0,19.5,0,0,0,0
0,0,0,1,0,0,0,0,0,1,0,0,1,1,0,0,0,1237.65,0,63,0,1,0,0,19.25,0,0,0,0
0,1,1,0,1,0,0,0,1,0,0,0,0,0,0,1,0,2492.25,0,69,0,1,1,0,35.75,1,0,0,0
1,0,0,0,1,0,0,1,1,1,1,0,1,0,0,0,1,1742.5,1,17,0,1,1,1,102.55,1,0,0,0
1,0,0,0,0,0,0,1,0,1,1,0,0,0,0,0,0,181.5,1,2,0,1,1,1,85.65,1,0,1,1
0,1,1,0,0,0,0,0,0,0,0,1,1,0,1,1,0,938.65,0,34,0,1,1,0,30.4,0,0,0,0
0,1,0,0,1,0,0,1,0,1,0,1,0,1,0,0,1,1902.0,0,25,0,1,1,1,79.0,1,1,0,0
0,1,1,0,1,0,1,1,0,1,1,1,0,0,0,0,0,1800.05,0,26,0,0,1,1,69.5,1,0,0,0
0,0,1,1,1,0,0,0,1,1,1,1,1,0,0,0,1,7920.7,1,72,1,1,1,1,109.55,1,0,0,0
0,0,1,0,1,0,1,1,0,1,1,0,1,0,0,0,1,6127.6,1,68,1,0,1,0,89.6,1,0,1,1
0,1,0,1,0,1,0,0,1,1,1,1,0,0,0,0,1,5997.1,0,72,0,1,1,1,84.3,0,1,0,0
0,0,1,1,0,0,1,0,0,1,1,1,1,0,1,0,1,6638.35,1,62,0,0,1,1,101.15,1,0,0,0
0,0,0,0,1,1,0,1,0,1,1,1,1,0,0,0,0,5785.65,1,69,1,1,1,0,84.9,1,0,0,0
1,0,0,1,0,0,1,0,0,1,0,0,1,0,1,0,0,1263.85,0,63,0,0,0,0,19.35,0,0,0,0
0,1,1,0,0,0,0,1,0,0,0,0,0,0,0,0,0,24.8,0,1,0,1,1,0,24.8,0,0,1,1
0,0,1,1,0,0,1,0,0,1,1,0,1,0,1,0,0,821.6,0,35,0,0,0,0,24.3,0,0,0,0
0,0,0,0,0,0,0,0,0,1,0,0,1,1,1,1,0,951.55,0,47,0,1,0,0,20.05,0,0,0,0
1,1,0,0,0,0,0,1,1,0,0,0,0,0,0,0,1,132.2,0,3,1,1,1,0,41.15,1,0,1,1
0,0,0,0,1,1,0,0,1,1,1,1,1,0,0,1,1,7317.1,1,69,0,1,1,0,107.2,1,1,0,0
0,1,0,0,0,1,0,0,0,0,0,0,0,0,0,1,0,150.85,0,7,0,1,1,0,24.35,1,0,0,0
1,1,0,0,1,0,1,0,1,1,1,0,0,0,0,1,1,3263.9,0,41,0,0,1,1,80.55,1,0,0,0
1,0,0,0,0,0,1,1,0,1,0,0,0,0,0,0,1,2665.0,1,32,1,0,1,0,79.5,1,0,0,0
1,0,0,0,0,0,1,1,0,1,0,0,0,0,0,0,0,20.7,0,1,0,0,0,0,20.7,0,0,0,0
1,0,0,0,1,0,0,1,1,1,0,1,1,0,0,0,0,959.9,1,12,0,1,1,0,84.6,1,0,0,0
0,0,0,0,1,0,0,0,0,1,0,1,0,1,0,1,1,5552.05,1,55,0,1,1,1,100.9,1,0,0,0
0,0,0,1,0,0,1,0,0,1,1,0,1,1,1,0,0,1859.2,0,72,0,0,0,0,24.9,0,0,0,0
0,1,1,0,1,0,1,0,0,1,0,0,1,0,0,1,1,2789.7,0,48,1,0,1,0,58.95,1,0,0,0
1,1,0,1,1,0,0,0,1,1,1,1,1,0,1,0,1,6325.25,0,71,0,1,1,1,90.35,0,1,0,0
1,0,0,0,0,0,0,1,0,1,0,0,1,0,1,0,0,1400.85,1,17,0,1,1,1,80.85,0,0,1,1
0,0,0,0,0,1,0,1,0,1,1,0,1,0,0,0,1,3132.75,1,36,1,1,1,0,85.25,1,0,1,1
0,1,0,0,1,0,1,0,0,0,0,0,1,1,0,1,0,1391.65,0,41,0,0,1,0,35.45,0,1,0,0
1,1,0,0,0,0,0,1,1,1,1,1,1,0,1,0,1,4616.1,0,53,0,1,1,1,85.7,0,1,0,0
0,0,0,0,0,0,1,0,0,1,1,0,0,1,0,1,0,962.25,0,41,0,0,0,0,24.85,1,0,0,0
0,1,0,0,0,0,0,1,1,1,0,1,0,1,1,0,0,157.55,0,3,0,1,1,0,55.9,0,0,0,0
0,1,0,0,0,0,1,1,0,1,0,0,0,1,0,0,0,196.95,0,4,0,0,1,0,45.3,1,0,1,1
0,0,0,0,0,0,1,1,0,1,0,0,0,1,0,0,0,19.9,0,1,0,0,0,0,19.9,0,0,0,0
1,0,0,0,0,0,0,1,0,1,1,0,0,0,0,0,0,75.45,1,1,0,1,1,0,75.45,1,0,1,1
0,1,1,0,1,0,1,0,1,1,0,1,0,0,0,1,1,3003.55,0,36,0,0,1,1,85.85,0,1,0,0
0,1,1,0,1,0,0,0,0,0,0,0,1,0,1,1,1,2541.25,0,49,0,1,1,1,51.8,1,0,1,1
0,0,1,0,0,0,1,0,0,1,0,0,0,0,0,1,0,679.8,0,36,0,0,0,0,19.25,1,0,0,0
0,1,0,0,0,1,1,0,1,1,1,1,1,0,0,1,0,2479.25,0,37,0,0,1,0,68.1,0,1,0,0
1,0,0,0,0,0,0,1,0,1,1,0,1,0,0,0,1,2357.75,1,29,1,1,1,0,84.3,1,0,0,0
0,0,0,1,0,0,1,0,0,1,1,0,1,1,1,0,0,1534.05,0,59,0,0,0,0,25.45,0,0,0,0
0,0,0,1,1,1,0,0,1,1,1,0,0,0,0,0,1,6631.85,1,65,0,1,1,1,105.1,0,0,0,0
1,1,0,0,0,0,1,1,0,0,0,0,0,0,0,0,0,36.45,0,1,1,0,1,1,36.45,1,0,1,1
0,0,0,0,0,0,0,1,1,1,1,0,0,1,0,0,1,4063.0,1,44,0,1,1,0,90.4,1,0,0,0
0,1,0,1,1,1,1,0,0,0,0,0,1,0,1,0,1,3784.0,0,72,0,0,1,1,53.65,0,1,0,0
1,1,0,0,1,0,1,1,0,1,0,0,0,0,0,0,0,654.5,0,12,0,0,1,0,54.3,1,1,0,0
0,1,1,0,0,0,1,1,0,0,0,0,1,0,1,0,0,44.75,0,2,0,0,1,0,29.05,0,1,0,0
1,1,0,0,0,0,1,0,1,1,0,1,1,0,0,1,1,943.85,0,12,1,0,1,1,79.2,1,1,0,0
0,0,1,0,0,0,1,1,1,1,1,0,0,0,0,0,1,1679.4,1,18,0,0,1,0,95.05,1,1,0,0
0,1,0,1,1,1,0,0,1,1,1,1,1,0,0,0,1,6302.85,0,68,0,1,1,1,90.8,1,1,0,0
1,0,0,0,1,0,0,1,0,1,0,0,0,0,0,0,1,2979.2,1,31,0,1,1,1,94.5,1,0,0,0
0,0,0,1,0,1,0,0,1,1,1,1,1,0,0,0,1,5163.3,1,50,1,1,1,1,105.05,1,0,0,0
0,0,0,1,0,0,0,0,0,1,0,0,0,1,0,0,0,165.35,0,7,0,1,0,0,19.45,0,0,0,0
0,0,1,0,1,0,1,1,0,1,1,0,1,0,0,0,0,5029.05,1,63,0,0,1,0,81.55,1,0,0,0
0,0,1,0,1,0,0,1,0,1,0,1,1,0,0,0,0,1321.3,1,16,0,1,1,0,80.75,0,0,0,0
0,1,1,1,0,0,0,0,1,0,0,1,0,0,0,0,1,3442.8,0,70,0,1,1,0,48.4,0,1,0,0
1,1,0,0,1,0,0,1,1,1,1,1,0,0,0,0,0,2657.55,0,38,0,1,1,0,69.95,0,1,0,0
1,0,0,0,1,0,1,0,1,1,1,0,1,0,1,1,1,5980.75,1,64,0,0,1,0,92.85,1,0,0,0
0,1,1,0,0,0,1,0,0,1,1,1,1,0,0,1,0,3975.7,0,68,0,0,1,0,58.25,0,1,0,0
0,1,0,0,0,0,1,1,0,1,0,1,1,1,0,0,1,113.1,0,2,0,0,1,0,62.15,1,0,0,0
0,0,0,1,1,1,0,0,1,1,1,1,1,0,0,0,0,7114.25,1,72,0,1,1,1,97.95,1,0,0,0
1,1,0,0,0,0,0,1,1,0,0,0,0,0,0,0,1,39.65,0,1,1,1,1,0,39.65,1,0,1,1
0,1,0,1,1,1,0,0,0,1,1,1,1,0,1,0,0,3371.0,0,45,0,1,1,1,73.85,0,1,0,0
1,0,0,0,1,0,1,1,0,1,1,0,0,0,0,0,0,552.65,1,6,0,0,1,1,89.75,1,0,0,0
0,0,0,1,0,1,1,0,0,1,0,0,1,0,0,0,0,1462.05,0,70,1,0,0,0,19.55,1,0,0,0
1,1,0,0,0,0,0,1,0,0,0,0,1,0,0,0,0,92.25,0,3,0,1,1,0,29.9,1,1,0,0
1,1,0,0,1,0,1,0,0,1,0,1,1,0,1,1,0,3053.0,0,57,0,0,1,0,53.45,0,0,0,0
0,1,1,0,1,0,0,1,0,1,0,0,1,0,1,0,0,2549.1,0,44,0,1,1,0,54.9,1,1,0,0
0,0,1,0,1,0,1,1,1,1,1,1,0,0,0,0,1,5623.7,1,59,0,0,1,0,99.45,1,0,0,0
1,0,0,0,1,0,0,1,1,1,1,0,0,0,0,0,1,1183.05,1,11,1,1,1,1,111.4,1,1,0,0
0,0,1,1,0,0,1,0,0,1,0,0,1,0,1,0,0,246.7,0,13,0,0,0,0,19.75,1,0,0,0
1,1,0,0,0,0,1,1,0,1,0,0,0,0,0,0,0,927.15,0,20,0,0,1,0,44.35,1,0,0,0
0,0,1,1,1,0,0,0,1,1,1,1,1,0,1,0,1,8297.5,1,71,0,1,1,1,116.05,1,1,0,0
0,0,0,0,0,0,0,1,1,1,0,0,1,1,1,0,1,1162.85,1,13,0,1,1,1,96.65,1,0,1,1
0,0,0,0,0,0,0,1,0,1,0,0,1,1,1,0,0,477.6,0,25,0,1,0,0,19.15,1,0,0,0
0,0,1,0,0,0,0,1,0,1,0,0,1,0,0,0,0,49.65,0,3,0,1,0,0,20.0,0,0,0,0
0,0,0,0,0,0,0,1,1,1,0,0,1,1,0,0,0,319.15,1,4,0,1,1,0,80.6,1,1,1,1
1,1,0,0,0,0,0,1,0,1,0,0,0,0,0,0,0,270.95,0,6,0,1,1,0,44.75,0,0,1,1
0,0,1,0,1,0,1,0,1,1,1,0,1,0,0,1,1,6252.7,1,57,0,0,1,1,109.4,1,1,0,0
0,1,1,0,1,0,0,0,0,1,0,1,0,0,1,1,0,3487.95,0,62,0,1,1,0,56.15,0,0,0,0
1,0,0,0,0,0,0,1,0,1,1,1,0,0,0,0,1,2095.0,1,22,0,1,1,1,100.75,1,0,1,1
1,1,0,0,0,0,1,1,0,0,0,1,1,0,0,0,0,629.35,0,21,0,0,1,0,28.5,0,0,0,0
1,1,0,0,0,0,0,1,1,0,0,0,0,0,0,0,0,221.9,0,8,1,1,1,0,29.4,1,0,1,1
0,1,0,1,0,1,1,0,0,0,0,1,1,0,1,0,0,1662.05,0,35,0,0,1,1,46.35,1,1,0,0
0,1,0,1,1,1,1,0,1,1,0,0,1,0,0,0,1,5705.05,0,71,0,0,1,1,80.7,1,1,0,0
1,1,0,0,1,0,0,0,0,1,1,1,0,0,0,1,0,1581.95,0,26,0,1,1,0,61.55,0,0,0,0
0,0,1,0,0,0,0,0,1,1,0,0,0,0,0,1,1,4905.75,1,51,1,1,1,1,94.0,1,0,0,0
1,1,0,0,0,0,0,1,0,1,0,0,0,0,0,0,0,45.1,0,1,1,1,1,0,45.1,0,0,1,1
0,0,1,0,1,0,0,1,1,1,1,0,0,0,0,0,0,2048.8,1,24,0,1,1,0,84.85,1,0,0,0
0,0,1,0,0,0,0,1,1,1,1,1,1,0,0,0,1,3694.7,1,33,1,1,1,1,109.9,1,1,0,0
0,0,0,1,0,0,1,0,0,1,0,0,1,1,1,0,0,1482.3,0,72,0,0,0,0,20.7,1,0,0,0
1,1,0,0,1,0,0,0,1,0,0,1,1,0,0,1,0,1716.45,0,40,0,1,1,0,42.35,1,0,1,1
0,0,0,1,0,1,0,0,0,1,0,0,1,0,1,0,0,1374.2,0,66,0,1,0,0,20.0,0,0,0,0
1,0,0,0,0,0,0,1,0,1,1,0,0,0,0,0,0,572.45,1,8,0,1,1,0,74.85,1,0,0,0
0,0,0,0,0,1,0,1,1,1,0,0,1,0,0,0,0,75.35,1,1,0,1,1,0,75.35,0,0,0,0
0,0,0,0,0,1,0,1,0,1,0,0,0,0,0,0,0,20.75,0,1,0,1,0,0,20.75,0,0,0,0
0,0,1,1,1,0,0,0,1,1,1,1,1,0,1,0,1,8196.4,1,72,1,1,1,1,114.95,1,1,0,0
0,1,1,1,1,0,1,0,0,0,0,1,1,0,1,0,1,4122.65,0,71,0,0,1,1,59.7,0,1,0,0
1,0,0,0,0,0,1,1,0,1,1,0,0,0,1,0,0,893.0,1,12,0,0,1,0,76.6,1,0,0,0
1,1,0,0,1,0,1,0,1,1,1,1,1,0,1,1,1,5333.35,0,68,0,0,1,0,78.45,1,1,0,0
1,1,0,0,0,0,1,1,0,1,0,0,1,0,0,0,0,46.0,0,1,1,0,1,0,46.0,0,0,1,1
0,0,1,1,1,0,1,0,1,1,1,0,0,0,0,0,1,7774.05,1,72,1,0,1,1,108.1,1,1,0,0
0,0,0,0,0,1,0,1,1,1,0,0,1,0,0,0,0,2874.45,1,34,1,1,1,1,85.2,1,0,0,0
0,0,0,0,0,1,0,1,0,1,1,0,0,0,1,0,0,3678.3,1,49,0,1,1,0,75.2,0,0,1,1
1,1,0,0,1,0,1,1,1,1,0,1,0,0,0,0,0,1982.6,0,35,0,0,1,0,60.55,0,0,0,0
0,1,0,0,0,0,0,1,0,1,0,0,0,1,0,0,0,49.05,0,1,0,1,1,0,49.05,0,1,0,0
1,0,0,0,1,0,1,1,0,1,0,0,1,0,0,0,1,1285.05,1,15,1,0,1,1,94.65,1,0,0,0
1,1,0,0,0,0,0,1,0,1,0,0,0,0,0,0,0,45.75,0,1,0,1,1,0,45.75,0,0,1,1
1,1,0,0,1,0,0,1,0,0,0,0,1,0,0,0,1,2997.45,0,59,1,1,1,1,50.25,1,0,0,0
0,1,1,0,1,0,0,1,1,1,1,0,0,0,0,0,1,1212.1,0,16,0,1,1,0,71.4,1,0,0,0
1,0,0,0,0,0,0,0,1,1,0,1,0,0,0,1,0,4484.05,1,54,0,1,1,0,84.4,0,1,0,0
0,0,1,1,0,0,1,0,0,1,1,0,1,0,1,0,0,1810.55,0,71,0,0,0,0,24.7,0,0,0,0
0,0,0,1,0,0,1,0,0,1,0,0,1,1,1,0,0,144.15,0,7,0,0,0,0,19.85,0,0,0,0
0,1,0,0,0,0,1,1,0,1,0,0,0,1,0,0,0,428.7,0,10,0,0,1,0,45.25,0,0,0,0
0,1,1,0,1,0,0,0,0,1,1,1,0,0,0,1,0,3665.55,0,56,0,1,1,0,64.65,1,1,0,0
0,1,0,0,0,0,0,1,0,1,1,0,1,1,1,0,0,259.4,0,5,0,1,1,0,55.7,1,1,0,0
0,0,0,1,0,0,0,0,0,1,0,0,1,1,1,0,0,1275.85,0,63,0,1,0,0,19.7,0,0,0,0
0,1,1,0,0,0,1,0,1,1,1,0,1,0,0,1,0,3756.45,0,64,0,0,1,0,58.35,0,1,0,0
1,0,0,0,0,0,1,1,0,1,1,0,0,0,0,0,0,2227.8,1,31,0,0,1,0,76.05,1,0,0,0
1,0,0,0,0,0,1,1,1,1,0,0,0,0,0,0,1,497.55,1,6,0,0,1,0,83.9,0,0,1,1
0,0,0,0,1,1,1,0,1,1,1,0,1,0,1,1,1,6225.4,1,58,0,0,1,1,105.2,1,0,0,0
1,0,0,0,0,0,1,1,1,1,0,0,0,0,0,0,0,196.4,1,3,1,0,1,0,73.85,0,0,0,0
1,0,0,0,1,0,1,1,0,1,0,0,0,0,0,0,0,74.35,1,1,0,0,1,0,74.35,0,0,0,0
0,0,0,1,0,1,0,0,0,1,0,0,1,0,1,0,0,96.85,0,4,0,1,0,0,19.5,0,0,0,0
0,1,0,0,0,0,1,0,0,1,0,1,0,1,0,1,0,742.9,0,13,0,0,1,0,55.15,0,1,0,0
0,1,0,0,0,0,0,0,1,1,0,1,0,1,0,1,0,1889.5,0,34,0,1,1,0,56.95,0,0,0,0
0,0,0,0,0,0,0,1,0,1,0,0,0,1,0,0,0,67.55,0,4,0,1,0,0,19.65,1,0,0,0
0,1,0,1,1,0,0,0,1,1,1,1,1,1,0,0,1,5585.4,0,71,0,1,1,0,80.1,1,1,0,0
1,0,0,0,1,0,1,0,1,1,1,1,0,0,0,1,0,5755.8,1,62,0,0,1,0,92.05,1,0,0,0
1,1,0,0,0,0,1,0,1,1,1,1,1,0,0,1,1,876.75,0,12,0,0,1,1,78.85,0,0,0,0
1,1,0,0,1,0,0,1,0,1,0,0,0,0,0,0,0,262.3,0,5,0,1,1,0,51.35,1,0,0,0
0,0,0,0,0,1,1,1,0,1,0,0,0,0,0,0,0,92.05,0,5,0,0,0,0,19.65,1,0,0,0
0,0,0,1,0,0,0,0,0,1,0,0,0,1,0,0,0,1149.65,0,54,0,1,0,0,20.0,0,0,0,0
0,1,0,0,0,0,0,1,0,1,0,0,0,1,0,0,0,152.3,0,3,0,1,1,0,50.25,1,1,0,0
1,1,0,0,0,0,0,1,0,0,0,0,0,0,1,0,0,25.3,0,1,0,1,1,0,25.3,1,0,1,1
1,0,0,0,0,0,0,1,1,1,0,0,0,0,0,0,0,1219.85,1,15,0,1,1,1,85.3,0,0,0,0
0,1,1,1,1,0,1,0,0,1,1,1,1,0,0,0,1,6058.95,0,72,0,0,1,1,86.4,1,1,0,0
0,0,0,1,1,1,1,0,1,1,1,1,1,0,0,0,1,8124.2,1,72,0,0,1,1,113.65,1,1,0,0
0,1,0,0,0,0,1,1,0,1,1,1,0,1,0,0,0,3687.75,0,68,0,0,1,0,54.45,0,0,0,0
1,0,0,0,0,0,1,1,0,1,0,0,0,0,0,0,0,70.6,1,1,0,0,1,0,70.6,1,0,1,1
1,1,0,1,0,0,0,0,1,1,1,1,1,0,0,0,1,6126.1,0,71,0,1,1,1,83.2,0,1,0,0
1,0,0,0,0,0,0,1,0,1,0,0,0,0,0,0,0,760.05,1,11,0,1,1,0,70.2,0,0,0,0
0,0,0,1,0,0,1,0,0,1,1,0,1,1,0,0,0,387.9,0,15,0,0,0,0,25.2,0,0,0,0
0,0,0,1,0,0,1,0,0,1,0,0,1,1,1,0,0,757.95,0,39,0,0,0,0,19.75,0,0,0,0
0,0,0,1,1,1,0,0,1,1,1,1,1,0,0,0,1,7550.3,1,72,1,1,1,0,102.65,1,0,0,0
0,0,0,0,0,0,0,1,0,1,0,0,1,1,1,0,0,414.95,0,19,0,1,0,0,20.6,0,0,0,0
0,0,1,0,1,0,1,0,1,1,0,0,1,0,0,1,0,3339.05,1,41,0,0,1,0,86.2,1,1,0,0
0,0,0,0,0,0,1,0,0,1,0,0,0,1,0,1,0,330.6,0,17,1,0,0,0,20.65,0,0,0,0
0,0,0,0,1,1,1,0,1,1,1,1,1,0,0,1,1,6557.75,1,59,0,0,1,1,109.15,1,0,0,0
0,1,0,0,0,0,0,1,0,1,0,0,0,1,0,0,0,159.15,0,3,0,1,1,1,55.15,0,0,1,1
0,0,0,0,0,0,0,0,0,1,0,0,0,1,0,1,0,324.8,0,14,0,1,0,0,19.35,0,0,0,0
1,0,0,0,1,0,1,1,0,1,1,1,0,0,0,0,1,3205.6,1,31,0,0,1,1,104.35,0,0,0,0
1,0,0,0,0,0,0,1,0,1,1,0,0,0,1,0,0,324.15,0,15,0,1,0,0,24.8,1,0,0,0
1,0,0,0,1,0,0,1,1,1,1,0,1,0,0,0,0,3019.5,1,31,0,1,1,1,93.8,0,0,1,1
0,0,1,0,1,0,1,0,1,1,1,0,1,0,0,1,1,5809.75,1,53,0,0,1,1,111.8,1,1,0,0
1,0,0,0,0,0,0,0,0,1,0,0,0,0,0,1,0,164.6,0,9,0,1,0,0,19.9,1,0,0,0
1,0,0,0,0,0,1,1,0,1,1,0,1,0,0,0,1,4364.1,1,44,0,0,1,1,96.1,1,0,1,1
0,0,0,0,0,1,1,0,0,1,0,0,0,0,0,1,0,237.7,0,11,0,0,0,0,20.05,0,0,0,0
0,1,0,0,1,1,0,0,1,1,1,1,0,0,0,1,0,4126.2,0,51,0,1,1,1,81.15,1,1,0,0
1,0,0,0,1,0,1,1,1,1,1,1,0,0,0,0,0,4921.2,1,53,0,0,1,0,90.8,0,0,0,0
0,0,1,1,0,0,1,0,0,1,0,0,1,0,0,0,0,1134.25,0,57,0,0,0,0,19.6,1,0,0,0
1,0,0,0,0,0,1,1,0,1,1,1,0,0,0,0,0,303.7,1,4,1,0,1,0,80.25,1,0,0,0
1,1,0,1,1,0,1,0,0,1,1,1,1,0,0,0,1,5150.55,0,62,0,0,1,1,84.95,1,1,0,0
0,0,1,0,0,0,1,0,0,1,1,0,1,0,0,1,0,548.8,0,22,1,0,0,0,25.6,0,0,0,0
0,0,0,0,1,1,0,0,0,1,0,0,0,0,0,1,1,3488.15,1,40,0,1,1,0,89.6,1,1,0,0
0,0,1,0,1,0,1,1,1,1,1,1,1,0,0,0,1,5431.9,1,50,1,0,1,1,108.75,0,0,0,0
0,1,0,1,1,1,1,0,1,1,1,1,1,0,1,0,1,6595.9,0,72,0,0,1,1,89.75,0,1,0,0
0,0,1,1,1,0,0,0,1,1,1,0,1,0,1,0,1,6597.25,1,63,0,1,1,1,104.8,1,0,0,0
0,1,0,0,1,0,1,0,0,1,1,0,0,1,0,1,0,773.2,0,14,0,0,1,0,54.25,1,0,0,0
0,1,0,1,0,1,0,0,1,1,1,1,1,0,0,0,1,3480.35,0,45,1,1,1,0,75.15,0,1,0,0
0,0,0,0,0,1,1,0,0,1,1,0,1,0,1,1,0,917.15,0,34,0,0,0,0,25.6,1,0,0,0
0,1,1,0,1,0,1,1,0,0,0,1,1,0,1,0,0,1620.25,0,46,0,0,1,0,35.05,0,0,0,0
0,0,0,0,0,0,0,1,0,1,0,0,0,1,0,0,0,70.6,1,1,0,1,1,0,70.6,0,0,1,1
0,1,0,0,0,1,0,1,0,0,0,0,0,0,0,0,0,296.1,0,9,0,1,1,1,34.7,1,0,1,1
0,0,0,0,0,1,0,1,0,1,1,0,1,0,0,0,0,1391.15,1,16,1,1,1,1,85.05,1,0,0,0
1,0,0,0,0,0,0,1,1,1,1,0,1,0,0,0,1,4259.3,1,41,1,1,1,1,99.8,1,0,1,1
0,1,0,0,0,0,1,1,0,1,1,0,0,1,0,0,1,1174.35,0,20,1,0,1,0,61.6,1,0,1,1
1,0,0,0,1,0,1,1,0,1,0,0,1,0,1,0,1,404.2,1,5,0,0,1,0,83.6,1,0,1,1
0,0,0,0,1,1,0,0,1,1,1,1,0,0,0,1,1,8035.95,1,68,0,1,1,1,117.2,1,1,0,0
0,0,0,0,0,1,1,1,0,1,0,0,0,0,0,0,0,232.1,0,13,0,0,0,0,19.45,0,0,0,0
1,0,0,0,1,0,1,1,1,1,1,0,0,0,0,0,0,1058.6,1,13,0,0,1,0,84.45,1,0,1,1
0,0,0,1,0,1,0,0,0,1,0,0,1,0,1,0,0,1263.9,0,62,0,1,0,0,20.05,0,0,0,0
0,1,0,1,0,0,1,0,1,0,0,1,1,1,1,0,1,3624.35,0,58,0,0,1,1,59.75,0,1,0,0
0,1,1,0,0,0,1,0,0,0,0,1,0,0,0,1,1,2369.7,0,54,0,0,1,0,44.1,0,1,0,0
0,0,0,0,1,1,1,0,1,1,1,1,1,0,0,1,1,6152.3,1,59,0,0,1,0,107.0,1,1,0,0
0,1,0,0,1,0,0,0,0,1,1,1,1,1,1,1,0,1625.0,0,21,0,1,1,1,77.5,0,1,1,1
1,0,0,0,1,0,0,0,1,1,1,1,1,0,0,1,0,6585.2,1,71,1,1,1,0,92.0,1,1,0,0
1,0,0,0,1,0,1,0,1,1,1,0,1,0,0,1,1,8109.8,1,72,0,0,1,1,109.25,1,1,1,1
1,0,0,0,1,0,1,1,0,1,0,1,1,0,0,0,0,1901.65,1,20,0,0,1,1,96.55,1,1,0,0
0,0,0,1,0,1,1,0,0,1,0,0,1,0,1,0,0,873.4,0,47,0,0,0,0,20.25,0,0,0,0
0,1,0,1,0,1,0,0,1,0,0,1,1,0,0,0,0,1842.7,0,46,0,1,1,0,40.4,0,1,0,0
0,0,0,0,0,0,1,1,0,1,0,0,0,1,0,0,0,152.7,1,2,0,0,1,1,79.65,1,0,1,1
1,1,0,0,0,0,0,1,1,1,0,0,0,0,1,0,0,48.95,0,1,0,1,1,0,48.95,0,0,1,1
0,1,0,1,1,0,0,0,1,1,0,1,1,1,1,0,1,3858.05,0,45,0,1,1,1,84.35,1,1,0,0
1,0,0,0,1,0,0,1,1,1,1,0,1,0,1,0,0,4146.05,1,51,1,1,1,0,84.2,1,0,1,1
1,0,0,0,0,0,1,1,0,1,0,0,1,0,0,0,1,853.1,1,9,0,0,1,1,89.45,0,0,1,1
0,1,0,0,1,0,1,0,1,1,0,1,1,1,1,1,0,1874.45,0,27,0,0,1,0,66.15,0,1,0,0
0,1,0,0,0,0,0,1,0,1,0,1,0,1,0,0,0,1253.15,0,22,0,1,1,0,55.1,0,1,0,0
0,1,0,0,0,0,1,0,1,1,1,0,1,1,1,1,0,1070.7,0,17,0,0,1,0,61.95,1,1,0,0
1,1,0,0,1,0,1,1,0,0,0,1,0,0,0,0,1,72.4,0,2,0,0,1,0,42.6,1,0,1,1
0,1,0,0,1,1,0,0,1,0,0,0,1,0,1,1,1,1246.4,0,27,0,1,1,0,45.85,1,0,0,0
1,0,0,0,1,0,0,1,1,1,1,0,1,0,0,0,1,6281.45,1,61,0,1,1,1,105.55,1,0,1,1
1,0,0,0,0,0,0,0,0,1,0,0,0,0,0,1,0,930.45,0,45,0,1,0,0,20.4,1,0,1,1
0,1,0,0,0,0,1,1,1,1,0,0,0,1,0,0,0,892.7,0,18,0,0,1,0,50.0,1,0,0,0
1,0,0,0,1,0,0,1,1,1,1,0,1,0,0,0,0,2440.25,1,29,0,1,1,0,85.8,1,0,0,0
1,0,0,0,0,0,1,1,1,1,1,0,1,0,0,0,1,6164.7,1,62,0,0,1,1,101.35,1,0,0,0
0,0,0,0,0,0,1,1,0,1,0,0,0,1,1,0,0,163.6,0,8,0,0,0,0,20.05,0,0,0,0
0,1,0,0,1,0,1,1,0,1,0,0,0,1,0,0,0,834.15,0,16,0,0,1,0,53.9,1,1,1,1
1,0,0,0,1,0,0,0,1,1,1,0,1,0,0,1,1,7040.85,1,67,0,1,1,1,104.1,0,0,1,1
1,1,0,0,1,0,0,0,1,1,0,1,1,0,1,1,0,2802.3,0,38,0,1,1,1,74.05,0,1,0,0
1,0,0,0,0,0,0,1,0,1,0,0,0,0,0,0,1,2122.45,1,24,0,1,1,1,96.0,1,1,1,1
0,1,0,0,1,0,0,1,1,1,1,1,0,1,0,0,0,1427.55,0,22,0,1,1,0,65.05,0,0,0,0
1,1,0,0,0,0,1,1,0,1,0,0,0,0,0,0,0,416.45,0,9,0,0,1,0,45.15,0,0,1,1
0,1,0,1,1,1,0,0,1,1,1,0,0,0,0,0,1,4805.65,0,65,0,1,1,0,74.2,1,1,0,0
0,0,0,0,0,1,1,1,1,1,0,0,0,0,0,0,0,637.4,1,9,1,0,1,0,75.5,0,0,0,0
1,1,0,0,1,0,1,1,0,1,0,1,0,0,1,0,1,2737.05,0,43,0,0,1,0,63.95,1,0,0,0
0,0,0,0,0,0,0,1,0,1,0,1,0,1,0,0,0,214.4,1,3,0,1,1,0,82.3,1,1,0,0
0,0,0,1,0,0,0,0,0,1,0,0,1,1,1,0,0,1378.45,0,71,0,1,0,0,19.45,0,0,0,0
0,0,0,0,0,0,0,1,0,1,0,0,0,1,1,0,0,19.45,0,1,0,1,0,0,19.45,1,0,1,1
0,0,0,0,0,0,1,0,0,1,0,0,1,1,1,1,0,295.95,0,15,0,0,0,0,20.55,0,0,0,0
0,1,0,0,1,1,1,0,0,1,1,0,0,0,0,1,0,2364.0,0,41,0,0,1,0,56.3,1,0,0,0
0,0,0,1,0,1,0,0,0,1,0,0,0,0,0,0,0,1468.75,0,72,0,1,0,0,19.8,1,0,0,0
0,0,1,0,0,0,1,1,0,1,0,0,1,0,0,0,0,3545.05,1,48,1,0,1,0,70.65,1,0,0,0
0,1,0,0,1,1,0,1,0,1,1,0,1,0,0,0,0,1074.65,0,18,0,1,1,0,56.8,0,0,0,0
1,0,0,0,0,0,1,1,0,1,0,0,0,0,0,0,1,168.2,1,2,0,0,1,1,90.4,1,0,1,1
0,1,0,0,0,1,1,0,1,0,0,1,0,0,0,1,0,2258.25,0,57,0,0,1,0,41.1,1,1,0,0
0,0,0,1,0,0,0,0,0,1,0,0,0,1,0,0,0,1118.8,0,57,0,1,0,0,20.75,0,0,0,0
0,0,0,0,0,1,1,0,0,1,0,0,0,0,0,1,0,527.5,0,25,0,0,0,0,19.9,0,0,0,0
0,0,0,0,0,1,0,1,0,1,0,0,0,0,0,0,0,385.55,0,17,0,1,0,0,21.1,0,0,0,0
0,0,1,0,0,0,0,0,0,1,1,0,0,0,0,1,0,1301.9,0,53,0,1,0,0,24.05,0,0,0,0
0,0,0,0,0,0,1,1,0,1,0,0,1,1,1,0,0,158.95,0,7,0,0,0,0,20.65,0,0,0,0
1,0,0,0,0,0,0,1,1,1,1,1,1,0,0,0,0,1392.25,1,15,1,1,1,1,96.5,1,0,0,0
0,0,1,0,0,0,0,1,1,1,1,0,0,0,1,0,1,3777.15,1,38,0,1,1,1,99.25,1,0,1,1
1,0,0,0,1,0,0,0,0,1,1,0,1,0,0,1,0,3650.35,1,47,0,1,1,0,78.9,1,0,0,0
0,1,0,0,0,1,0,1,1,1,0,0,1,0,0,0,0,668.85,0,14,0,1,1,0,50.2,0,0,0,0
0,1,1,0,1,0,0,0,0,1,0,1,1,0,0,1,0,2603.95,0,44,0,1,1,0,59.85,1,1,0,0
0,1,0,1,1,1,1,0,1,1,1,1,0,0,0,0,1,6367.2,0,70,0,0,1,1,89.75,0,1,0,0
0,1,0,0,0,1,0,1,0,1,0,0,1,0,1,0,0,49.25,0,1,1,1,1,0,49.25,1,1,1,1
1,0,0,0,0,0,1,1,1,1,1,0,1,0,0,0,1,4026.4,1,38,0,0,1,1,105.0,1,1,1,1
1,0,0,0,1,0,0,1,1,1,1,0,0,0,0,0,0,4473.0,1,51,0,1,1,0,87.35,1,1,0,0
0,0,1,0,0,0,1,1,0,1,0,1,0,0,0,0,0,1643.55,1,23,1,0,1,0,75.4,1,0,0,0
1,1,0,0,0,0,1,1,0,0,0,0,0,0,0,0,0,25.2,0,1,1,0,1,0,25.2,1,0,1,1
0,1,1,0,0,0,0,1,0,1,0,1,0,0,0,0,0,2298.55,0,45,0,1,1,0,50.9,1,0,0,0
0,0,0,0,0,1,1,1,0,1,1,0,1,0,1,0,1,3767.4,1,39,0,0,1,1,99.95,1,1,0,0
0,0,1,1,0,0,0,0,0,1,0,0,1,0,1,0,0,1297.35,0,62,0,1,0,0,20.45,0,0,0,0
0,0,0,1,0,1,0,0,0,1,1,0,1,0,1,0,0,1734.65,0,72,0,1,0,0,24.1,0,0,0,0
1,0,0,1,1,0,1,0,1,1,1,1,1,0,0,0,1,8182.85,1,69,0,0,1,1,116.0,1,1,0,0
0,0,0,0,0,1,0,1,0,1,1,0,0,0,0,0,0,1133.9,1,15,1,1,1,0,74.2,1,0,1,1
0,1,0,0,0,0,1,1,0,1,0,0,0,1,0,0,0,415.95,0,7,0,0,1,1,59.5,1,1,1,1
0,0,1,0,0,0,1,0,1,1,1,1,1,0,1,1,0,5848.6,1,69,0,0,1,0,84.45,0,0,0,0
0,0,0,0,1,1,0,1,0,1,1,1,1,0,1,0,1,7548.1,1,71,1,1,1,1,105.1,1,0,1,1
1,0,0,0,0,0,0,1,0,1,0,0,0,0,0,0,0,324.6,1,5,0,1,1,0,69.75,1,0,1,1
1,0,0,0,1,0,1,0,1,1,1,1,1,0,0,1,1,7396.15,1,64,0,0,1,1,115.0,1,1,0,0
0,1,0,0,1,0,0,1,1,0,0,0,1,1,0,0,1,371.4,0,8,1,1,1,0,43.35,1,0,0,0
1,1,0,0,0,0,0,0,0,1,1,1,1,0,0,1,0,1346.9,0,24,0,1,1,0,58.35,1,1,0,0
0,0,0,1,1,1,1,0,1,1,1,1,1,0,1,0,1,8166.8,1,71,0,0,1,1,113.65,0,1,0,0
0,0,0,1,0,0,0,0,0,1,1,0,1,1,1,0,0,1715.15,0,70,0,1,0,0,25.35,0,0,0,0
0,0,0,0,0,1,1,0,0,1,0,0,0,0,1,1,0,921.3,0,49,0,0,0,0,19.45,0,0,0,0
0,0,1,0,0,0,1,1,0,1,1,0,0,0,0,0,0,1821.95,1,22,0,0,1,1,84.15,1,0,0,0
1,0,0,0,0,0,1,0,0,1,0,0,1,0,1,1,0,160.05,0,8,0,0,0,0,19.8,0,0,0,0
0,0,0,0,0,0,0,0,0,1,0,0,0,1,0,1,0,52.05,0,3,0,1,0,0,21.2,0,0,0,0
0,0,0,0,0,1,0,1,0,1,0,0,0,0,0,0,1,2001.0,1,24,0,1,1,0,79.85,1,0,0,0
1,1,0,0,1,0,0,1,1,0,0,0,0,0,0,0,0,1315.0,0,37,1,1,1,0,36.65,0,0,0,0
1,0,0,0,1,0,1,1,1,1,0,0,0,0,0,0,0,82.3,1,1,0,0,1,0,82.3,1,0,1,1
0,1,0,0,1,0,0,1,0,0,0,0,1,1,1,0,0,432.25,0,12,0,1,1,0,35.5,0,1,0,0
0,0,1,1,0,0,1,0,0,1,1,0,1,0,1,0,0,1709.15,0,72,0,0,0,0,24.05,1,0,0,0
0,0,0,1,0,1,1,0,0,1,1,0,1,0,0,0,0,1681.6,0,71,0,0,0,0,24.45,1,0,0,0
0,1,1,0,0,0,0,1,1,1,1,0,0,0,0,0,1,827.05,0,12,0,1,1,1,74.75,0,0,0,0
1,0,0,0,0,0,1,1,0,1,0,0,0,0,0,0,0,70.5,1,1,0,0,1,0,70.5,0,0,1,1
0,1,0,0,0,0,1,1,0,1,1,0,0,1,0,0,0,253.0,0,4,0,0,1,1,64.4,1,1,0,0
1,0,0,0,0,0,0,1,0,1,1,0,1,0,1,0,0,4254.85,1,49,0,1,1,1,84.5,0,0,1,1
0,0,1,1,0,0,1,0,1,1,1,0,1,0,0,0,1,5744.35,1,56,0,0,1,1,103.2,0,1,0,0
0,0,1,0,0,0,1,0,0,1,1,0,0,0,0,1,0,1203.95,0,48,0,0,0,0,24.55,0,0,0,0
0,1,0,0,1,0,0,1,0,1,0,0,0,1,0,0,0,50.65,0,1,0,1,1,0,50.65,0,0,1,1
1,0,0,1,0,0,0,0,0,1,0,0,1,0,1,0,0,903.7,0,45,0,1,0,0,19.2,0,0,0,0
0,1,0,0,0,1,0,1,0,1,0,0,0,0,0,0,0,276.5,0,6,1,1,1,0,44.7,0,0,0,0
1,0,0,0,1,0,1,1,0,1,1,1,0,0,0,0,0,4113.7,1,50,1,0,1,0,83.4,1,0,0,0
0,0,0,1,0,1,1,0,0,1,1,0,0,0,0,0,0,1866.45,0,72,0,0,0,0,25.45,0,0,0,0
1,0,0,0,0,0,1,0,1,1,0,1,0,0,0,1,0,3692.85,1,39,0,0,1,1,95.55,1,1,1,1
0,0,0,0,0,0,1,0,0,1,1,0,1,1,1,1,1,4029.95,1,48,0,0,1,0,82.05,1,0,1,1
0,1,0,0,0,0,0,1,0,1,0,0,1,1,0,0,0,179.35,0,4,0,1,1,0,50.05,0,1,1,1
0,1,0,1,0,1,1,0,0,1,0,1,1,0,1,0,1,4084.35,0,56,1,0,1,1,72.6,1,1,0,0
1,0,0,0,0,0,1,1,1,1,0,1,1,0,1,0,1,5068.05,1,48,1,0,1,1,104.5,1,1,0,0
1,0,0,0,1,0,0,0,1,1,1,1,0,0,0,1,1,6521.9,1,61,0,1,1,1,107.75,1,0,0,0
0,0,0,0,1,1,0,1,0,1,1,1,0,0,0,0,1,2679.7,1,30,0,1,1,0,94.3,1,0,0,0
1,0,0,1,1,0,0,0,1,1,1,1,0,0,0,0,1,8547.15,1,72,0,1,1,1,118.2,1,1,0,0
0,0,0,0,0,1,0,0,0,1,0,0,0,0,0,1,0,835.5,0,44,0,1,0,0,19.5,0,0,0,0
0,1,0,1,0,1,1,0,0,1,0,0,1,0,0,0,0,3808.2,0,65,0,0,1,1,59.8,1,1,0,0
0,0,1,1,0,0,0,0,0,1,1,0,0,0,0,0,0,1898.1,0,71,0,1,0,0,25.55,0,0,0,0
1,0,0,1,1,0,1,0,1,1,0,0,0,0,0,0,1,5941.05,1,60,0,0,1,1,99.65,1,0,0,0
0,0,1,0,0,0,0,1,1,1,1,1,1,0,0,0,0,5943.65,1,61,0,1,1,1,99.4,0,1,0,0
0,0,0,0,0,0,0,1,0,1,0,0,0,1,0,0,0,50.6,0,2,0,1,0,0,19.4,0,0,0,0
0,0,0,1,0,1,1,0,0,1,1,0,1,0,0,0,0,1776.45,0,72,0,0,0,0,24.15,1,0,0,0
0,0,0,1,0,0,0,0,0,1,0,0,0,1,0,0,0,487.05,0,24,0,1,0,0,20.75,0,0,0,0
1,0,0,1,1,0,1,0,1,1,1,0,0,0,0,0,1,5682.25,1,53,0,0,1,1,105.55,0,0,0,0
1,0,0,0,1,0,0,1,0,1,1,0,1,0,0,0,1,4113.1,1,40,0,1,1,1,101.3,1,0,1,1
1,0,0,0,0,0,1,1,0,1,0,0,1,0,1,0,1,2361.8,1,26,0,0,1,1,90.8,1,0,1,1
1,0,0,0,1,0,1,1,0,1,1,0,1,0,1,0,1,2995.45,1,31,0,0,1,0,91.15,1,0,1,1
1,1,0,0,0,0,1,1,0,1,0,0,0,0,0,0,1,921.4,0,14,0,0,1,1,69.65,1,1,0,0
0,0,1,0,1,0,1,1,1,1,1,0,1,0,0,0,1,7082.45,1,65,1,0,1,1,108.8,1,0,0,0
1,0,0,1,0,0,0,0,0,1,0,1,0,0,0,0,0,3027.65,1,33,0,1,1,1,88.95,1,1,0,0
0,0,0,0,0,1,0,1,0,1,0,0,0,0,0,0,0,562.7,1,8,1,1,1,0,69.95,1,0,0,0
0,0,1,0,0,0,1,1,0,1,0,0,0,0,0,0,0,413.0,0,20,0,0,0,0,19.5,1,0,0,0
0,0,1,1,1,0,1,0,1,1,1,0,1,0,1,0,1,7711.45,1,72,0,0,1,1,109.2,1,1,0,0
1,0,0,0,0,0,0,1,0,1,1,1,1,0,1,0,0,4859.1,1,60,1,1,1,0,80.95,1,0,0,0
0,1,0,0,0,1,0,1,0,1,1,0,1,0,1,0,0,910.45,0,19,0,1,1,0,50.1,0,0,0,0
0,0,0,0,0,0,1,1,0,1,1,0,0,1,0,0,0,480.75,1,7,0,0,1,0,75.45,0,0,1,1
0,0,1,1,0,0,1,0,0,1,0,0,1,0,1,0,0,890.5,0,47,0,0,0,0,19.3,0,0,0,0
0,0,1,0,1,0,1,0,1,1,0,1,1,0,0,1,1,6430.9,1,64,1,0,1,0,97.0,0,0,0,0
0,1,0,0,0,0,1,1,0,1,0,0,0,1,0,0,1,54.75,0,1,0,0,1,0,54.75,1,0,1,1
0,1,0,0,0,0,1,1,1,0,0,0,0,1,0,0,0,1175.85,0,35,0,0,1,0,33.45,1,1,0,0
1,0,0,0,0,0,1,1,1,1,0,0,0,0,0,0,1,3078.1,1,36,0,0,1,0,87.55,1,1,1,1
1,0,0,0,0,0,0,1,0,1,0,0,0,0,0,0,0,79.5,1,1,0,1,1,1,79.5,1,0,1,1
1,0,0,0,0,0,0,0,1,1,0,0,1,0,1,1,0,3355.65,1,40,0,1,1,1,85.05,1,0,0,0
0,1,0,0,1,0,1,0,0,0,0,1,0,1,1,1,0,411.45,0,10,0,0,1,0,40.25,0,1,0,0
0,0,1,0,0,0,1,0,0,1,0,0,1,0,0,1,0,717.5,0,37,0,0,0,0,19.85,1,0,0,0
0,1,1,1,1,0,0,0,1,0,0,1,0,0,0,0,0,2424.5,0,60,0,1,1,0,39.6,0,0,0,0
1,0,0,0,0,0,1,1,0,1,1,1,1,0,0,0,0,3825.85,1,47,1,0,1,0,80.35,0,0,1,1
0,1,1,0,0,0,0,1,0,1,0,0,0,0,0,0,0,1237.3,0,26,0,1,1,0,49.15,0,1,0,0
0,1,1,1,1,0,0,0,1,1,1,1,1,0,0,0,1,6075.9,0,66,0,1,1,1,91.7,0,1,0,0
0,0,0,1,1,0,0,0,0,1,1,1,1,1,1,0,1,6555.2,1,59,0,1,1,1,111.1,1,1,0,0
0,0,1,0,0,0,0,1,0,1,1,1,0,0,0,0,1,2936.25,1,30,0,1,1,1,100.4,1,0,0,0
0,1,0,0,1,1,0,0,1,1,0,1,1,0,0,1,1,2424.45,0,31,0,1,1,0,75.5,1,1,0,0
0,1,0,1,1,1,1,0,1,1,0,1,0,0,0,0,0,3795.45,0,58,0,0,1,0,64.9,1,1,0,0
1,0,0,0,0,0,1,1,0,1,0,0,1,0,0,0,0,141.45,1,2,0,0,1,0,70.7,1,0,1,1
0,0,1,1,0,0,0,0,0,1,1,0,1,0,1,0,0,4828.05,1,58,0,1,1,1,82.5,0,0,0,0
1,0,0,0,0,0,1,1,0,1,0,1,0,0,0,0,0,233.65,1,3,0,0,1,0,74.55,1,0,0,0
0,1,1,1,0,0,1,0,1,1,1,1,1,0,1,0,1,6042.7,0,72,0,0,1,1,83.3,1,1,0,0
0,0,0,0,0,1,0,0,0,1,0,0,1,0,0,1,0,587.1,0,30,0,1,0,0,20.7,0,0,0,0
0,0,0,0,0,1,1,1,1,1,1,0,0,0,0,0,0,2072.75,1,24,0,0,1,1,88.95,1,0,0,0
0,1,0,0,0,0,0,1,0,1,0,0,0,1,0,0,0,45.05,0,1,0,1,1,0,45.05,0,0,1,1
0,1,1,0,0,0,1,0,1,1,0,1,0,0,0,1,1,3320.75,0,41,0,0,1,1,79.85,1,1,0,0
0,1,0,1,0,0,0,0,0,0,0,0,0,1,0,0,1,2799.75,0,70,0,1,1,0,40.05,1,1,0,0
1,0,0,0,0,0,1,1,0,1,1,0,0,0,0,0,1,2862.75,1,29,1,0,1,1,98.65,0,1,1,1
0,0,0,1,0,1,1,0,0,1,1,0,1,0,0,0,0,1937.4,0,72,1,0,0,0,25.7,1,0,0,0
0,1,0,1,1,0,1,0,1,1,1,1,0,1,0,0,1,6293.45,0,71,1,0,1,1,89.85,0,1,0,0
0,0,0,0,0,1,0,0,0,1,1,0,1,0,0,1,0,1174.35,0,45,1,1,0,0,24.7,0,0,0,0
0,0,0,1,0,0,1,0,0,1,0,0,0,1,0,0,0,813.3,0,37,0,0,0,0,19.8,0,0,0,0
0,0,0,0,0,0,0,1,0,1,1,0,0,1,0,0,0,156.4,1,2,1,1,1,0,74.85,1,0,1,1
1,1,0,0,0,0,1,1,0,1,0,1,0,0,0,0,0,308.25,0,5,0,0,1,0,54.2,0,1,1,1
0,1,0,1,0,0,1,0,1,1,1,1,0,1,0,0,1,5714.2,0,67,0,0,1,1,85.25,1,1,0,0
0,0,0,0,0,1,1,1,0,1,1,1,0,0,0,0,0,1029.35,1,13,0,0,1,0,80.0,1,0,0,0
0,1,0,1,0,1,0,0,1,1,1,1,1,0,1,0,1,6093.3,0,72,0,1,1,1,83.55,1,1,0,0
0,1,0,0,1,1,0,1,1,0,0,0,1,0,0,0,0,577.15,0,19,1,1,1,0,34.3,1,0,0,0
0,0,1,1,0,0,1,0,0,1,0,0,1,0,1,0,0,159.35,0,8,0,0,0,0,19.5,0,0,0,0
0,0,0,0,0,0,0,0,0,1,0,0,1,1,1,1,0,239.75,0,15,0,1,0,0,19.5,1,0,0,0
0,1,0,0,0,1,0,1,0,1,0,0,0,0,0,0,0,84.5,0,2,0,1,1,0,46.0,1,0,1,1
0,1,0,0,0,0,0,1,0,1,0,0,1,1,1,0,0,628.65,0,12,0,1,1,1,56.3,1,0,0,0
0,0,0,1,0,1,0,0,0,1,1,1,1,0,0,0,0,5377.8,1,63,0,1,1,0,84.65,1,1,0,0
0,0,1,0,0,0,1,0,0,1,0,0,0,0,0,1,0,369.6,0,18,1,0,0,0,20.35,0,0,0,0
1,0,0,0,0,0,1,1,0,1,1,0,0,0,0,0,0,187.45,1,2,1,0,1,1,85.55,1,0,1,1
1,0,0,0,1,0,0,1,0,1,1,0,0,0,0,0,1,4931.8,1,54,1,1,1,0,90.05,1,0,0,0
1,0,0,0,0,0,1,1,0,1,1,0,0,0,0,0,0,294.45,1,4,1,0,1,0,74.45,1,0,0,0
0,0,0,0,0,0,1,1,0,1,0,0,0,1,0,0,0,59.75,0,3,0,0,0,0,19.6,1,0,1,1
1,0,0,0,1,0,1,0,0,1,0,0,1,0,0,1,1,6109.75,1,63,0,0,1,1,96.0,1,0,0,0
0,0,0,1,0,1,0,0,0,1,0,0,1,0,0,0,0,1421.9,0,72,0,1,0,0,19.7,0,0,0,0
0,0,1,0,1,0,1,1,0,1,0,0,1,0,1,0,0,1195.75,1,16,0,0,1,0,73.25,0,0,0,0
1,1,0,0,1,0,1,1,0,1,0,0,1,0,1,0,1,616.9,0,10,0,0,1,0,65.5,1,1,0,0
1,0,0,0,0,0,1,0,1,1,1,0,1,0,0,1,1,4947.55,1,51,0,0,1,1,98.85,1,0,0,0
0,1,1,1,1,0,0,0,1,1,1,1,1,0,0,0,1,6254.45,0,72,0,1,1,1,89.05,1,1,0,0
0,0,1,1,1,0,1,0,0,1,1,0,1,0,0,0,1,7349.35,1,70,1,0,1,1,104.45,1,1,0,0
0,1,0,0,0,0,1,1,0,1,0,0,0,1,0,0,0,45.15,0,1,0,0,1,0,45.15,0,0,0,0
1,1,0,0,0,0,1,1,0,0,0,0,0,0,0,0,1,996.85,0,23,0,0,1,1,44.95,1,0,0,0
0,1,0,0,0,1,0,1,0,0,0,0,0,0,0,0,0,810.85,0,28,0,1,1,0,30.1,1,1,0,0
0,1,0,0,0,0,0,1,0,1,0,0,0,1,0,0,0,44.3,0,1,0,1,1,0,44.3,1,0,0,0
1,0,0,0,0,0,1,1,0,1,0,0,0,0,0,0,0,222.65,0,10,0,0,0,0,21.2,1,0,0,0
0,1,0,0,1,0,0,1,1,1,0,0,1,1,1,0,0,2924.05,0,44,0,1,1,0,61.9,1,1,0,0
1,1,0,0,0,0,1,1,0,1,0,1,0,0,0,0,0,487.75,0,8,0,0,1,1,60.0,1,0,0,0
0,0,0,0,0,1,0,1,0,1,1,0,0,0,1,0,0,439.2,0,19,0,1,0,0,24.1,1,0,0,0
0,0,0,1,0,1,0,0,0,1,1,0,1,0,0,0,0,1784.9,0,67,0,1,0,0,25.6,0,0,0,0
0,0,0,0,1,0,1,1,0,1,1,0,1,1,1,0,0,2718.3,1,34,1,0,1,0,79.6,1,0,1,1
0,1,0,1,1,1,0,0,1,1,1,1,1,0,0,0,0,4428.45,0,66,0,1,1,0,66.1,1,0,0,0
1,0,0,0,0,0,1,1,0,1,1,0,0,0,0,0,0,242.0,1,3,0,0,1,0,75.25,0,0,1,1
0,0,0,1,0,0,0,0,0,1,1,0,0,1,1,0,0,1654.6,0,71,0,1,0,0,24.35,0,0,0,0
0,1,1,1,1,0,0,0,1,0,0,0,1,0,0,0,1,2390.45,0,44,0,1,1,1,54.3,0,0,0,0
1,1,0,0,0,0,0,0,0,1,0,0,1,0,0,1,0,641.25,0,14,0,1,1,0,44.6,0,0,0,0
0,1,0,0,0,1,0,0,1,0,0,0,1,0,0,1,0,970.4,0,25,0,1,1,1,38.1,1,0,0,0
0,1,0,0,0,0,1,1,0,0,0,0,1,1,1,0,0,125.5,0,5,0,0,1,0,25.05,0,0,0,0
0,1,0,0,1,0,0,1,1,1,0,0,1,1,1,0,0,324.25,0,6,0,1,1,0,55.3,1,0,1,1
0,0,0,0,0,1,1,1,0,1,1,0,0,0,0,0,0,2404.15,1,31,0,0,1,0,79.85,1,1,1,1
1,1,0,0,0,0,0,1,1,0,0,0,0,0,0,0,1,90.35,0,2,0,1,1,1,49.25,1,0,1,1
0,0,1,1,0,0,0,0,0,1,1,0,1,0,0,0,0,1728.2,0,68,0,1,0,0,25.25,0,0,0,0
0,1,0,0,0,0,1,1,0,0,0,0,0,1,1,0,0,24.7,0,1,0,0,1,0,24.7,0,0,0,0
0,1,0,1,0,1,0,0,0,1,1,1,1,0,1,0,0,3486.65,0,50,0,1,1,1,70.5,1,1,0,0
0,1,0,1,1,1,0,0,1,1,0,0,1,0,0,0,1,5564.85,0,71,0,1,1,1,79.1,1,1,0,0
0,0,0,1,0,1,0,0,0,1,1,0,1,0,1,0,0,1847.55,0,71,0,1,0,0,25.35,0,0,0,0
1,0,0,0,1,0,0,0,1,1,0,0,1,0,1,1,1,7475.1,1,70,0,1,1,1,106.15,1,1,0,0
1,0,0,1,1,0,0,0,1,1,0,0,1,0,0,0,1,7291.75,1,71,0,1,1,1,105.25,1,1,0,0
1,0,0,0,0,0,0,1,0,1,1,0,0,0,0,0,1,790.15,1,9,1,1,1,0,83.85,1,0,1,1
0,1,0,0,1,0,1,1,0,1,0,0,0,1,0,0,0,114.7,0,2,0,0,1,0,49.6,1,0,1,1
0,0,0,0,0,0,1,1,0,1,0,0,0,1,0,0,0,156.85,0,8,0,0,0,0,19.2,0,0,0,0
0,0,0,0,0,0,1,0,0,1,0,0,1,1,0,1,0,593.2,0,32,0,0,0,0,19.3,0,0,0,0
0,1,0,0,0,0,0,0,1,1,0,0,0,1,0,1,1,347.4,0,5,0,1,1,1,70.0,1,0,1,1
0,0,0,0,1,1,0,1,0,1,0,0,1,0,1,0,1,477.55,1,6,0,1,1,0,83.55,1,0,1,1
0,1,1,0,1,0,1,0,1,1,1,1,0,0,0,1,1,3187.65,0,38,0,0,1,1,84.1,0,0,0,0
0,0,0,1,0,0,0,0,0,1,0,0,0,1,0,0,0,343.45,0,17,0,1,0,0,19.15,0,0,0,0
0,0,1,0,0,0,1,1,1,1,1,0,0,0,0,0,1,2599.95,1,26,0,0,1,1,100.5,1,0,0,0
0,1,0,0,0,0,0,1,1,1,0,0,0,1,0,0,0,55.05,0,1,0,1,1,0,55.05,0,1,0,0
0,1,1,1,1,0,0,0,0,1,0,1,1,0,1,0,0,3838.2,0,67,0,1,1,0,54.2,1,0,0,0
0,0,0,1,0,0,1,0,0,1,0,0,1,1,1,0,0,927.1,0,46,0,0,0,0,19.95,1,0,0,0
1,0,0,0,0,0,1,1,1,1,1,0,0,0,0,0,0,1072.0,1,14,0,0,1,0,80.45,1,0,1,1
0,1,0,0,0,0,0,1,0,1,0,1,0,1,0,0,0,1461.45,0,27,0,1,1,0,53.45,0,1,0,0
1,1,0,0,0,0,1,0,0,1,1,1,1,0,0,1,1,3972.25,0,58,0,0,1,0,68.4,1,1,0,0
0,0,0,1,0,0,1,0,0,1,0,0,0,1,0,0,0,1035.7,0,54,0,0,0,0,20.5,1,0,0,0
0,1,0,0,0,0,1,1,0,0,0,1,0,1,0,0,0,29.9,0,1,0,0,1,0,29.9,0,0,0,0
1,0,0,0,0,0,0,1,1,1,1,0,1,0,1,0,0,3292.3,1,40,0,1,1,0,81.2,1,0,0,0
0,1,0,0,0,0,0,1,1,1,0,0,0,1,0,0,0,107.1,0,2,1,1,1,0,49.95,0,0,0,0
0,0,1,1,0,0,0,0,0,1,0,0,0,0,1,0,0,1052.35,0,53,0,1,0,0,19.75,0,0,1,1
0,0,1,0,0,0,1,1,1,1,1,1,1,0,0,0,1,6786.4,1,65,1,0,1,1,105.25,0,0,1,1
0,0,0,0,0,0,1,1,0,1,0,0,0,1,0,0,0,20.35,0,1,0,0,0,0,20.35,1,0,0,0
1,0,0,0,0,0,0,1,1,1,0,0,0,0,0,0,0,818.45,1,11,0,1,1,0,72.9,0,0,0,0
0,1,0,0,0,1,1,1,1,0,0,0,0,0,0,0,1,1905.4,0,39,0,0,1,1,50.65,1,0,0,0
0,1,0,0,0,1,0,1,0,1,1,0,0,0,0,0,0,201.1,0,4,0,1,1,0,51.75,0,0,1,1
0,1,0,0,0,1,0,0,1,0,0,0,0,0,0,1,0,1537.85,0,46,0,1,1,0,33.7,0,1,0,0
1,0,0,0,0,0,1,1,0,1,1,0,0,0,0,0,1,1612.75,1,18,0,0,1,0,90.1,1,1,1,1
0,1,0,0,1,1,1,0,0,1,0,0,0,0,0,1,0,727.85,0,14,0,0,1,0,51.45,0,0,0,0
1,0,0,0,0,0,1,1,1,1,0,0,0,0,0,0,1,2383.6,1,27,0,0,1,0,89.2,1,1,0,0
1,1,0,0,0,0,1,1,0,0,0,0,1,0,0,0,1,2007.85,0,46,0,0,1,1,43.95,1,0,0,0
0,0,0,1,1,1,1,0,1,1,1,1,1,0,0,0,0,6766.95,1,71,1,0,1,0,96.35,1,1,0,0
0,0,0,0,0,1,0,1,0,1,0,0,0,0,0,0,0,198.6,0,10,0,1,0,0,20.0,1,0,0,0
0,0,1,1,1,0,0,0,1,1,1,1,0,0,0,0,1,7711.25,1,70,0,1,1,1,114.95,1,1,0,0
0,0,1,1,1,0,0,0,1,1,1,0,1,0,0,0,1,8022.85,1,72,1,1,1,1,111.65,1,1,0,0
0,0,0,1,0,0,1,0,0,1,0,0,1,1,1,0,0,967.85,0,46,0,0,0,0,19.4,0,0,0,0
0,0,0,1,0,1,0,0,0,1,0,0,1,0,1,0,0,1086.75,0,51,0,1,0,0,19.55,0,0,0,0
0,1,1,0,1,0,0,0,0,1,0,1,1,0,0,1,0,5012.1,0,71,1,1,1,1,71.0,1,1,0,0
1,1,0,0,0,0,1,0,1,1,1,1,1,0,1,1,0,4154.55,0,55,1,0,1,1,76.25,0,1,0,0
1,1,0,0,0,0,0,1,0,1,0,0,0,0,0,0,1,55.25,0,1,0,1,1,0,55.25,1,0,0,0
1,0,0,0,0,0,0,1,0,1,1,0,1,0,1,0,0,74.5,1,1,0,1,1,0,74.5,1,0,1,1
1,1,0,0,1,0,1,1,0,0,0,0,0,0,0,0,1,3027.4,0,60,0,0,1,1,50.8,1,0,1,1
0,0,0,0,1,1,1,1,0,1,0,1,0,0,0,0,0,3233.85,1,40,1,0,1,0,79.2,1,0,1,1
0,0,1,0,1,0,0,0,1,1,0,1,1,0,1,1,1,7031.3,1,66,0,1,1,1,103.15,1,0,0,0
0,0,0,0,1,1,1,1,1,1,1,0,0,0,0,0,1,669.45,1,6,0,0,1,1,109.9,1,1,1,1
0,0,1,1,0,0,1,0,0,1,0,0,1,0,1,0,0,1078.75,0,52,0,0,0,0,20.1,0,0,0,0
0,0,1,0,0,0,1,1,1,1,1,0,1,0,1,0,1,4209.95,1,43,0,0,1,1,99.3,1,0,0,0
0,0,0,0,0,1,0,1,0,1,0,0,0,0,0,0,0,1493.55,1,20,0,1,1,0,70.55,0,0,0,0
1,0,0,0,1,0,0,1,0,1,1,1,1,0,0,0,0,2467.1,1,29,0,1,1,0,84.45,1,0,1,1
0,0,0,0,1,0,1,0,1,1,1,1,0,1,0,1,1,6993.65,1,61,0,0,1,1,115.1,1,1,0,0
1,1,0,0,0,0,1,1,0,1,1,1,0,0,0,0,0,889.0,0,16,1,0,1,0,54.1,1,0,0,0
0,0,0,1,1,1,0,0,1,1,1,1,1,0,0,0,1,8375.05,1,72,0,1,1,1,114.45,0,1,0,0
0,1,0,1,1,0,1,0,0,0,0,1,1,1,1,0,0,1978.65,0,48,0,0,1,0,39.4,0,1,0,0
0,1,0,1,1,1,1,0,1,0,0,1,0,0,0,0,1,4539.6,0,68,0,0,1,1,64.35,0,1,0,0
1,0,0,1,0,0,0,0,1,1,1,0,0,0,1,0,1,6590.5,1,62,0,1,1,1,104.05,1,1,0,0
1,0,0,0,1,0,1,0,0,1,1,1,1,0,0,1,1,5610.7,1,50,0,0,1,1,108.55,0,1,1,1
0,0,1,1,0,0,0,0,0,1,0,0,0,0,0,0,0,1430.95,0,67,0,1,0,0,20.5,0,0,0,0
1,0,0,0,0,0,0,1,0,1,0,0,0,0,0,0,0,144.0,1,2,0,1,1,0,70.3,1,0,0,0
1,1,0,0,0,0,0,1,0,1,0,1,1,0,1,0,0,571.15,0,12,0,1,1,0,49.2,1,0,0,0
0,0,1,1,0,0,1,0,0,1,0,0,1,0,0,0,0,973.35,0,49,0,0,0,0,20.15,1,0,0,0
1,0,0,0,0,0,0,1,0,1,0,0,0,0,0,0,0,174.45,1,2,0,1,1,1,79.95,1,0,0,0
0,0,0,1,0,0,0,0,0,1,0,0,0,1,1,0,0,1170.55,0,57,0,1,0,0,19.6,1,0,0,0
1,1,0,0,0,0,1,0,0,1,0,1,0,0,0,1,1,369.25,0,7,0,0,1,0,59.1,1,0,0,0
1,0,0,0,1,0,0,1,1,1,1,0,1,0,0,0,1,7132.15,1,61,0,1,1,1,114.1,1,1,0,0
0,0,1,0,0,0,0,1,0,1,0,0,0,0,0,0,0,20.95,0,1,0,1,0,0,20.95,0,0,0,0
0,0,1,0,1,0,1,0,1,1,0,0,0,0,0,1,1,4287.2,1,49,1,0,1,0,89.85,1,0,0,0
1,0,0,0,0,0,1,1,0,1,0,0,0,0,0,0,0,135.2,1,2,0,0,1,0,69.7,1,0,0,0
0,1,0,0,0,0,0,0,1,0,0,1,1,1,1,1,0,1980.3,0,59,0,1,1,0,34.8,0,0,0,0
0,1,1,1,0,0,1,0,1,1,0,1,1,0,1,0,1,5886.85,0,72,0,0,1,1,80.45,1,1,0,0
1,0,0,1,1,0,0,0,1,1,1,0,1,0,1,0,1,7297.75,1,69,0,1,1,1,105.0,1,0,0,0
0,0,0,0,0,0,0,1,0,1,0,0,0,1,0,0,0,358.5,0,18,0,1,0,0,20.05,0,0,0,0
0,1,1,0,0,0,1,0,0,1,0,1,0,0,0,1,0,447.75,0,8,0,0,1,0,54.25,0,1,0,0
1,0,0,0,1,0,1,1,0,1,0,0,0,0,0,0,1,461.7,1,5,0,0,1,0,89.35,1,1,1,1
0,1,0,0,0,1,0,1,0,1,0,1,0,0,1,0,0,670.65,0,13,0,1,1,0,52.1,1,0,0,0
0,0,1,1,0,0,1,0,0,1,0,0,1,0,1,0,0,1378.75,0,70,0,0,0,0,19.8,0,0,0,0
0,0,0,1,1,1,0,0,1,1,0,1,1,0,1,0,1,7782.85,1,71,0,1,1,1,109.3,0,1,0,0
0,0,0,0,0,0,1,0,0,1,1,0,1,1,1,1,0,1165.9,0,46,0,0,0,0,24.95,0,0,0,0
0,0,0,0,0,1,1,1,0,1,1,0,0,0,0,0,0,633.85,1,9,0,0,1,0,75.2,1,0,0,0
0,0,1,1,0,0,0,0,0,1,1,0,0,0,0,0,0,1725.0,0,65,0,1,0,0,25.1,1,0,0,0
0,1,0,1,1,0,1,0,1,1,0,1,1,1,0,0,1,4759.55,0,64,0,0,1,0,74.35,1,1,0,0
0,0,1,1,0,0,0,0,1,1,1,0,0,0,1,0,1,4634.35,1,45,0,1,1,1,99.7,0,0,0,0
0,1,0,1,1,1,1,0,0,1,0,1,0,0,0,0,0,2627.35,0,48,0,0,1,0,55.5,0,0,0,0
0,1,1,0,0,0,0,1,1,0,0,0,0,0,0,0,0,1453.1,0,49,0,1,1,0,30.2,1,0,0,0
1,0,0,0,0,0,0,1,1,1,1,0,1,0,0,0,0,457.1,1,6,1,1,1,0,80.8,1,0,0,0
0,1,0,0,0,1,1,1,1,1,0,1,0,0,0,0,0,2455.05,0,42,0,0,1,0,54.55,0,0,0,0
0,1,0,0,0,1,1,0,1,1,0,1,1,0,1,1,0,3425.35,0,62,0,0,1,0,54.75,0,0,0,0
0,0,1,0,0,0,0,1,0,1,1,0,0,0,0,0,1,3759.05,1,39,1,1,1,1,95.65,1,0,1,1
0,0,0,0,0,0,1,1,0,1,0,0,0,1,0,0,0,45.3,0,2,0,0,0,0,20.35,0,0,0,0
0,1,1,0,0,0,0,0,1,0,0,0,0,0,1,1,1,2191.7,0,39,0,1,1,1,54.85,0,1,0,0
1,0,0,0,1,0,0,1,1,1,1,0,1,0,0,0,1,2745.2,1,29,1,1,1,0,95.9,1,0,1,1
0,1,1,0,0,0,0,1,0,1,1,1,1,0,1,0,0,1588.7,0,30,0,1,1,0,54.45,1,0,0,0
1,0,0,0,1,0,1,1,0,1,0,0,0,0,0,0,1,1120.3,1,11,1,0,1,1,95.0,1,0,1,1
0,0,1,1,0,0,1,0,0,1,0,0,1,0,0,0,0,1057.85,0,59,0,0,0,0,18.4,0,0,0,0
1,0,0,0,0,0,0,1,0,1,1,0,0,0,0,0,1,2043.45,1,25,0,1,1,0,84.8,1,0,1,1
0,1,0,1,1,1,0,0,1,0,0,1,1,0,0,0,1,4546.0,0,72,1,1,1,1,64.95,1,1,0,0
1,1,0,0,0,0,0,1,1,1,0,0,0,0,0,0,0,50.5,0,1,0,1,1,0,50.5,1,0,1,1
0,1,0,0,1,1,0,1,0,0,0,1,0,0,0,0,0,1880.85,0,39,0,1,1,1,48.95,1,1,1,1
0,0,0,0,0,1,1,1,1,1,1,0,0,0,0,0,1,923.5,1,9,0,0,1,1,98.3,0,0,1,1
0,1,0,0,1,1,1,0,0,0,0,1,0,0,0,1,0,1798.65,0,47,0,0,1,0,39.65,0,1,0,0
0,0,0,0,0,0,0,1,0,1,0,0,0,1,0,0,0,107.05,0,5,0,1,0,0,19.95,0,0,0,0
0,1,0,1,1,1,1,0,1,1,1,1,1,0,1,0,1,5958.85,0,66,0,0,1,1,89.9,0,1,0,0
1,0,0,0,0,0,0,1,0,1,0,0,1,0,1,0,0,717.3,0,38,0,1,0,0,19.6,0,0,0,0
0,0,0,1,0,0,0,0,0,1,1,0,1,1,0,0,0,1710.9,0,72,0,1,0,0,25.4,0,0,0,0
0,0,1,1,1,0,0,0,1,1,1,0,1,0,0,0,1,7346.2,1,72,0,1,1,1,103.75,1,0,0,0
0,0,1,0,1,0,0,0,0,1,1,1,1,0,1,1,0,5125.75,1,58,1,1,1,0,89.85,1,1,0,0
1,0,0,1,0,0,0,0,1,1,1,1,0,0,0,0,1,4025.5,1,35,0,1,1,1,108.95,1,1,0,0
1,0,0,0,1,0,0,0,1,1,0,1,0,0,1,1,1,5036.9,1,53,0,1,1,0,95.95,0,0,0,0
1,1,0,0,1,0,1,1,0,0,0,1,1,0,0,0,0,2062.15,0,46,0,0,1,1,45.55,0,0,0,0
0,1,0,0,0,0,1,1,0,1,0,0,0,1,0,0,0,74.2,0,2,0,0,1,0,45.25,1,0,0,0
0,1,1,0,0,0,1,1,0,1,0,0,0,0,0,0,0,2168.9,0,46,0,0,1,0,44.95,0,0,0,0
1,0,0,0,0,0,1,1,1,1,1,1,1,0,0,0,1,6914.95,1,65,0,0,1,1,105.05,1,0,0,0
1,0,0,0,0,0,1,1,0,1,0,0,1,0,0,0,0,880.05,1,11,1,0,1,1,82.9,1,1,0,0
0,0,0,1,0,1,0,0,1,1,1,0,1,0,0,0,1,6067.4,1,60,0,1,1,1,101.15,0,0,0,0
0,0,0,1,0,0,1,0,0,1,0,0,0,1,0,0,0,1298.7,0,63,0,0,0,0,20.6,1,0,0,0
0,1,1,0,1,0,1,0,0,0,0,1,1,0,1,1,1,3088.75,0,61,0,0,1,0,50.7,1,1,0,0
0,0,0,0,1,0,1,1,0,1,1,0,0,1,1,0,0,365.65,1,4,0,0,1,1,89.6,0,0,1,1
0,1,0,1,1,1,1,0,1,1,0,1,0,0,0,0,0,5550.1,0,71,0,0,1,1,77.35,0,1,0,0
0,0,1,0,0,0,1,0,0,1,1,0,1,0,1,1,0,4859.25,1,66,0,0,1,0,74.25,1,0,0,0
0,1,0,1,1,0,0,0,1,1,0,0,1,1,0,0,1,1181.75,0,14,0,1,1,1,81.95,0,1,0,0
0,0,1,0,1,0,1,1,0,1,0,0,0,0,0,0,0,163.7,1,2,1,0,1,1,83.8,1,0,0,0
0,0,0,0,0,1,0,1,0,1,1,0,0,0,0,0,0,828.05,1,12,1,1,1,0,73.3,1,0,0,0
0,0,1,1,0,0,1,0,1,1,0,1,1,0,0,0,1,6375.8,1,64,0,0,1,1,99.0,1,0,0,0
0,1,1,0,1,0,0,0,1,1,0,1,1,0,0,1,1,5329.55,0,63,1,1,1,1,84.0,1,1,0,0
0,0,1,0,1,0,1,0,1,1,1,0,1,0,0,1,1,8003.8,1,72,0,0,1,1,108.5,1,1,0,0
0,1,1,1,1,0,1,0,1,1,1,0,0,0,0,0,0,5212.65,0,70,1,0,1,1,75.5,1,1,0,0
1,1,0,0,0,0,0,1,0,1,1,0,1,0,0,0,0,1442.0,0,29,1,1,1,0,51.6,1,0,0,0
1,0,0,0,0,0,0,1,0,1,0,0,0,0,0,0,0,316.9,1,5,0,1,1,0,69.7,1,0,1,1
0,0,1,0,0,0,1,1,0,1,1,0,1,0,1,0,0,838.5,0,33,0,0,0,0,24.25,0,0,0,0
0,0,1,0,1,0,0,1,0,1,1,0,1,0,1,0,0,2570.2,1,30,0,1,1,0,83.55,1,1,0,0
0,0,1,1,0,0,1,0,0,1,1,1,1,0,0,0,0,5737.6,1,72,0,0,1,0,80.45,0,0,0,0
0,0,0,1,0,1,1,0,0,1,1,0,1,0,0,0,0,1888.25,0,71,0,0,0,0,25.6,0,0,0,0
1,0,0,0,0,0,0,1,0,1,0,0,0,0,0,0,1,79.6,1,1,0,1,1,0,79.6,0,0,1,1
0,0,1,1,1,0,0,0,1,1,1,0,0,0,0,0,1,7878.3,1,72,0,1,1,1,109.2,0,1,0,0
1,0,0,0,1,0,0,0,0,1,1,1,1,0,0,1,1,6001.45,1,62,0,1,1,0,96.1,0,0,0,0
1,0,0,0,1,0,1,1,0,1,0,1,0,0,0,0,0,181.65,1,2,0,0,1,0,86.25,1,1,1,1
0,1,0,1,1,0,1,0,0,0,0,0,0,1,1,0,0,2933.95,0,65,0,0,1,1,45.25,0,1,0,0
0,1,1,0,0,0,0,1,0,1,0,0,1,0,0,0,0,1125.2,0,21,0,1,1,1,54.6,0,0,0,0
1,0,0,0,0,0,1,1,0,1,0,0,1,0,0,0,0,224.05,1,3,1,0,1,1,80.4,1,0,1,1
0,0,0,1,0,0,1,0,0,1,0,0,1,1,1,0,0,883.35,0,48,0,0,0,0,19.55,0,0,0,0
0,1,0,0,1,0,1,1,0,1,0,0,0,1,1,0,0,106.2,0,2,0,0,1,0,51.55,0,0,0,0
0,1,0,1,1,1,0,0,1,1,1,1,1,0,1,0,1,6339.3,0,72,0,1,1,1,89.7,0,1,0,0
0,0,0,0,0,0,0,0,0,1,0,0,0,1,0,1,0,572.2,0,29,0,1,0,0,19.8,1,0,0,0
0,0,0,1,0,0,1,0,0,1,1,0,0,1,0,0,0,605.9,0,22,0,0,0,0,26.25,0,0,0,0
0,0,1,1,0,0,0,0,0,1,0,0,1,0,0,0,0,743.5,0,38,0,1,0,0,20.4,0,0,0,0
0,0,0,0,0,0,0,1,0,1,0,0,0,1,0,0,0,46.35,0,2,0,1,0,0,19.35,0,0,0,0
1,0,0,0,0,0,0,1,1,1,1,1,1,0,1,0,0,453.75,1,5,0,1,1,0,84.5,1,0,1,1
0,0,1,1,0,0,0,0,0,1,0,0,0,0,1,0,0,819.95,0,44,0,1,0,0,19.55,0,0,0,0
0,0,1,0,0,0,0,1,0,1,1,1,0,0,0,0,0,2766.4,1,32,0,1,1,0,87.65,0,1,0,0
1,0,0,0,0,0,1,1,0,1,0,0,0,0,0,0,0,19.45,0,1,1,0,0,0,19.45,1,0,1,1
0,0,0,0,0,0,1,1,0,1,0,0,1,1,1,0,0,401.95,0,18,0,0,0,0,20.25,1,0,0,0
1,0,0,0,0,0,1,1,0,1,0,0,0,0,0,0,0,19.3,0,1,0,0,0,0,19.3,0,0,1,1
1,0,0,0,1,0,0,0,0,1,0,0,1,0,1,1,0,3165.6,1,35,0,1,1,1,89.7,1,1,0,0
1,1,0,0,0,0,0,0,1,0,0,1,1,0,1,1,0,1525.35,0,37,0,1,1,0,40.2,1,1,0,0
1,0,0,0,0,0,1,1,0,1,0,0,0,0,1,0,0,71.0,1,1,1,0,1,0,71.0,1,0,1,1
0,0,0,0,1,1,1,0,1,1,1,1,0,0,0,1,1,8127.6,1,70,0,0,1,1,115.55,0,1,1,1
1,0,0,0,0,0,0,1,0,1,0,0,0,0,0,0,1,1218.25,1,16,1,1,1,0,78.75,1,0,0,0
1,0,0,0,0,0,0,1,0,1,1,1,0,0,0,0,0,367.95,1,4,0,1,1,1,90.65,0,0,0,0
0,1,1,0,1,0,0,0,1,1,0,1,1,0,1,1,0,2511.3,0,41,0,1,1,0,60.3,1,0,0,0
1,0,0,0,0,0,0,1,1,1,1,0,1,0,0,0,1,5812.6,1,58,1,1,1,1,98.7,1,0,1,1
1,0,0,0,0,0,0,1,0,1,1,0,0,0,0,0,0,1178.4,1,14,0,1,1,1,89.95,1,1,1,1
1,0,0,0,1,0,0,1,0,1,1,0,1,0,1,0,1,3741.85,1,38,1,1,1,1,101.15,0,0,0,0
0,1,0,0,0,0,0,1,0,0,0,0,0,1,0,0,0,25.35,0,1,0,1,1,0,25.35,0,0,0,0
0,1,0,0,1,0,1,1,0,1,0,0,1,1,1,0,0,2169.4,0,43,0,0,1,0,50.2,0,0,0,0
0,1,0,0,0,1,1,1,0,0,0,0,0,0,0,0,0,113.95,0,3,0,0,1,1,34.8,1,0,0,0
0,0,0,0,0,0,1,1,0,1,0,0,1,1,1,0,0,150.75,0,7,0,0,0,0,20.45,0,0,0,0
1,1,0,0,1,0,1,1,0,1,0,0,0,0,0,0,1,244.1,0,3,0,0,1,1,75.3,1,1,0,0
1,0,0,0,1,0,0,1,0,1,0,0,0,0,0,0,1,4338.6,1,52,0,1,1,0,85.35,1,0,1,1
0,1,1,1,1,0,0,0,1,1,1,1,1,0,1,0,0,5731.85,0,70,0,1,1,1,79.25,1,1,0,0
0,0,0,0,0,0,1,0,0,1,0,0,1,1,1,1,0,94.45,0,6,0,0,0,0,19.7,0,0,0,0
1,0,0,0,1,0,1,1,1,1,1,0,0,0,0,0,1,953.45,1,10,0,0,1,0,94.85,1,0,1,1
1,0,0,0,1,0,0,1,1,1,0,0,0,0,0,0,0,1490.95,1,19,0,1,1,0,78.25,1,0,1,1
1,0,0,1,1,0,0,0,1,1,1,1,0,0,1,0,1,7882.5,1,70,0,1,1,1,114.6,1,1,0,0
0,1,1,0,1,0,1,0,0,1,1,0,1,0,1,1,0,3399.85,0,64,0,0,1,0,53.85,1,0,0,0
1,0,0,0,0,0,0,1,0,1,1,0,0,0,0,0,0,2848.45,1,35,0,1,1,1,83.15,0,0,0,0
0,0,1,1,1,0,1,0,1,1,1,1,1,0,1,0,0,6579.05,1,70,0,0,1,0,93.9,0,1,1,1
0,1,0,1,0,1,0,0,1,1,0,0,1,0,1,0,0,3119.9,0,55,0,1,1,0,55.25,1,1,0,0
0,0,0,0,0,1,0,0,0,1,0,0,0,0,0,1,0,28.3,0,2,0,1,0,0,19.3,0,0,1,1
0,1,1,1,0,0,0,0,0,1,0,1,1,0,1,0,1,4820.15,0,65,0,1,1,1,74.8,1,1,1,1
0,0,0,0,0,0,1,1,0,1,0,0,0,1,0,0,0,299.4,0,15,0,0,0,0,19.6,0,0,0,0
1,0,0,0,1,0,0,1,0,1,1,0,0,0,0,0,1,819.55,1,8,0,1,1,1,100.85,0,0,1,1
0,0,1,0,0,0,0,1,0,1,0,0,1,0,0,0,0,849.1,1,13,1,1,1,0,70.45,0,0,0,0
0,1,1,0,1,0,1,1,0,1,0,1,1,0,1,0,0,1864.65,0,32,0,0,1,0,61.4,0,1,0,0
0,1,0,0,0,1,1,0,1,1,0,1,0,0,0,1,0,3282.75,0,56,0,0,1,0,60.25,1,1,0,0
1,0,0,0,0,0,1,1,0,1,1,0,1,0,0,0,0,2868.15,1,37,1,0,1,0,76.5,1,0,1,1
1,0,0,0,0,0,1,1,0,1,0,0,0,0,1,0,0,472.65,1,7,0,0,1,0,71.05,1,0,0,0
1,0,0,0,0,0,0,1,0,1,0,0,0,0,1,0,0,374.5,0,20,0,1,0,0,19.4,1,0,1,1
0,0,0,0,0,1,0,0,1,1,0,1,0,0,0,1,1,2292.75,1,23,0,1,1,1,99.95,1,0,0,0
0,0,1,1,0,0,1,0,0,1,0,0,1,0,0,0,0,1397.65,0,70,0,0,0,0,19.8,0,0,0,0
0,0,0,0,0,1,0,1,0,1,0,0,0,0,0,0,1,1266.1,1,14,1,1,1,1,90.45,0,0,1,1
0,0,1,0,0,0,1,1,0,1,0,0,0,0,1,0,0,85.5,0,4,0,0,0,0,20.05,1,0,0,0
1,0,0,1,0,0,0,0,1,1,1,1,1,0,1,0,1,6586.85,1,60,0,1,1,1,110.6,1,1,0,0
0,1,0,0,1,0,1,0,0,1,0,1,1,1,1,1,0,1282.85,0,23,0,0,1,0,57.75,1,1,0,0
0,0,0,0,0,0,1,1,0,1,1,0,1,1,1,0,0,372.45,0,14,0,0,0,0,25.55,0,0,0,0
0,0,0,0,1,0,0,1,1,1,1,0,0,1,0,0,1,4108.15,1,40,0,1,1,1,102.65,1,0,0,0
1,1,0,0,0,0,1,1,0,0,0,0,0,0,0,0,0,58.9,0,3,0,0,1,0,25.25,0,0,1,1
0,0,0,0,1,1,1,1,1,1,0,0,1,0,1,0,0,5567.45,1,57,1,0,1,1,95.3,1,1,0,0
0,0,1,0,0,0,0,1,1,1,0,0,0,0,0,0,1,2030.3,1,21,1,1,1,1,96.8,1,0,1,1
0,0,0,1,0,1,1,0,0,1,0,0,1,0,1,0,0,494.9,0,26,0,0,0,0,19.65,0,0,0,0
0,0,0,0,0,0,1,1,1,1,1,0,1,1,0,0,0,2570.0,1,32,1,0,1,0,79.3,0,0,0,0
0,0,1,0,0,0,0,1,0,1,0,0,0,0,0,0,0,739.9,0,35,0,1,0,0,20.75,0,0,0,0
0,0,0,0,1,1,1,0,0,1,0,0,0,0,0,1,1,4424.2,1,46,1,0,1,1,95.25,0,0,1,1
0,0,0,1,0,0,1,0,0,1,0,0,0,1,1,0,0,498.1,0,24,0,0,0,0,19.75,0,0,0,0
0,0,1,0,1,0,1,1,1,1,1,1,1,0,0,0,1,4594.95,1,41,0,0,1,1,113.6,1,1,1,1
0,0,0,1,0,1,0,0,0,1,0,0,1,0,1,0,0,1301.1,0,71,0,1,0,0,19.7,0,0,0,0
0,0,1,0,1,0,0,1,0,1,1,0,1,0,0,0,0,3775.85,1,45,0,1,1,0,81.4,0,0,0,0
0,1,1,1,1,0,0,0,0,0,0,1,0,0,0,0,1,2431.95,0,54,0,1,1,0,46.2,0,0,0,0
0,0,1,0,0,0,0,0,0,1,1,0,1,0,0,1,0,1505.9,0,60,0,1,0,0,24.15,0,0,0,0
0,0,1,0,1,0,0,0,1,1,0,1,1,0,1,1,1,7288.4,1,71,0,1,1,1,104.65,1,0,0,0
0,1,1,0,1,0,0,1,1,0,0,0,1,0,0,0,1,3582.4,0,60,0,1,1,1,60.2,1,1,0,0
0,0,0,1,0,1,1,0,0,1,0,0,1,0,1,0,0,641.35,0,33,0,0,0,0,19.8,0,0,0,0
0,1,0,1,1,0,1,0,1,1,1,1,1,1,0,0,1,5129.3,0,64,0,0,1,0,81.3,1,1,0,0
0,0,0,1,0,0,1,0,0,1,0,0,1,1,1,0,0,1090.1,0,56,0,0,0,0,20.05,0,0,0,0
0,1,1,1,0,0,1,0,1,1,1,0,1,0,0,0,1,5662.25,0,71,0,0,1,1,80.45,1,1,0,0
0,1,1,0,0,0,0,0,0,1,0,1,1,0,1,1,1,3966.3,0,51,0,1,1,1,76.4,1,1,0,0
0,0,0,0,0,0,1,0,0,1,1,0,0,1,0,1,0,1642.75,0,64,0,0,0,0,24.7,0,0,0,0
1,1,0,0,0,0,0,1,1,1,1,0,0,0,0,0,0,54.35,0,1,0,1,1,0,54.35,0,0,1,1
0,1,1,0,0,0,0,0,1,1,0,0,0,0,0,1,1,3529.95,0,54,1,1,1,0,65.25,0,1,0,0
0,0,0,1,0,0,1,0,0,1,0,0,1,1,1,0,0,1070.5,0,52,0,0,0,0,19.85,0,0,0,0
0,0,1,1,1,0,1,0,1,1,0,1,1,0,1,0,1,7726.35,1,72,0,0,1,1,108.65,1,1,0,0
0,0,1,1,0,0,0,0,0,1,0,0,1,0,1,0,0,1377.7,0,68,0,1,0,0,19.95,0,0,0,0
1,0,0,0,0,0,1,1,1,1,1,0,0,0,0,0,0,990.3,1,11,0,0,1,1,89.2,1,0,0,0
1,0,0,0,1,0,1,1,0,1,0,0,0,0,0,0,1,1017.35,1,12,0,0,1,0,84.6,1,0,0,0
0,0,0,0,0,0,0,1,0,1,0,0,0,1,0,0,0,20.1,0,1,0,1,0,0,20.1,1,0,1,1
0,0,0,0,0,0,1,1,0,1,1,0,0,1,1,0,0,25.4,0,1,0,0,0,0,25.4,0,0,0,0
0,0,0,0,0,0,0,1,0,1,0,0,0,1,0,0,0,42.7,0,2,0,1,0,0,20.05,0,0,0,0
1,1,0,0,0,0,0,1,1,1,0,1,0,0,0,0,0,1299.8,0,18,0,1,1,1,68.35,1,1,0,0
0,0,0,1,0,0,1,0,0,1,1,0,1,1,1,0,0,611.45,0,23,0,0,0,0,25.1,0,0,0,0
1,0,0,0,0,0,0,1,0,1,0,0,0,0,1,0,0,71.65,1,1,0,1,1,0,71.65,1,0,1,1
1,0,0,0,0,0,1,1,1,1,1,0,0,0,0,0,1,5222.35,1,50,1,0,1,1,104.95,1,1,0,0
0,1,0,1,0,1,0,0,1,0,0,1,1,0,1,0,0,2032.3,0,42,0,1,1,1,48.15,0,1,0,0
0,0,0,1,0,1,1,0,0,1,0,0,1,0,1,0,0,1016.7,0,47,0,0,0,0,20.05,0,0,0,0
0,0,0,0,0,0,0,1,0,1,0,0,0,1,0,0,0,20.0,0,1,0,1,0,0,20.0,0,0,1,1
0,0,0,0,0,0,1,1,0,1,0,0,1,1,1,0,0,19.0,0,1,0,0,0,0,19.0,1,0,0,0
0,0,0,1,0,0,1,0,0,1,0,0,1,1,1,0,0,1277.75,0,64,0,0,0,0,20.2,0,0,0,0
1,0,0,0,1,0,0,1,1,1,1,0,0,0,0,0,0,424.15,1,5,0,1,1,0,85.3,1,0,1,1
0,1,1,1,1,0,0,0,1,1,1,1,0,0,0,0,1,5708.2,0,71,0,1,1,0,80.6,0,1,0,0
0,0,0,0,0,1,0,1,1,1,0,0,1,0,1,0,1,190.05,1,2,0,1,1,0,90.0,0,1,1,1
1,0,0,0,1,0,1,1,1,1,1,0,1,0,0,0,1,6871.7,1,63,0,0,1,1,108.75,1,1,0,0
1,1,0,1,0,0,0,0,1,1,1,1,0,0,1,0,1,4984.85,0,60,0,1,1,1,84.95,1,1,0,0
0,0,1,0,1,0,1,1,0,1,0,1,0,0,0,0,0,2015.35,1,25,0,0,1,0,79.85,1,0,1,1
0,0,1,0,1,0,1,1,0,1,1,1,1,0,1,0,0,3893.6,1,41,0,0,1,1,94.3,1,0,0,0
0,0,0,0,0,0,1,1,1,1,0,0,0,1,0,0,0,415.55,1,5,1,0,1,1,84.85,1,0,1,1
0,1,0,0,0,0,1,1,1,1,1,0,0,1,0,0,0,1033.9,0,19,0,0,1,0,56.1,1,0,0,0
0,0,1,1,1,0,0,0,0,1,0,1,1,0,1,0,1,6683.4,1,68,0,1,1,0,95.1,0,1,0,0
0,1,0,0,0,0,1,1,0,1,0,0,0,1,1,0,0,953.65,0,19,0,0,1,0,48.8,0,1,0,0
0,0,1,0,0,0,1,0,0,1,0,0,1,0,0,1,0,79.05,0,4,0,0,0,0,20.5,0,0,0,0
0,0,0,0,0,0,0,0,0,1,0,0,0,1,0,1,0,595.05,0,27,0,1,0,0,20.3,0,0,0,0
1,0,0,0,0,0,1,1,0,1,0,0,0,0,0,0,1,378.4,1,5,1,0,1,0,78.95,0,0,1,1
0,0,0,0,0,0,0,1,0,1,0,0,0,1,0,0,0,44.2,0,2,0,1,0,0,20.75,0,0,0,0
1,0,0,0,0,0,1,1,0,1,1,1,1,0,0,0,0,1592.35,1,20,0,0,1,0,82.4,0,0,1,1
0,0,1,0,0,0,0,0,0,1,0,0,0,0,0,1,0,1004.5,0,48,0,1,0,0,19.95,0,0,0,0
0,0,1,1,0,0,1,0,0,1,1,0,1,0,0,0,0,1710.15,0,71,0,0,0,0,24.65,1,0,0,0
1,0,0,0,1,0,1,0,1,1,1,1,0,0,0,1,1,7365.7,1,61,0,0,1,1,118.6,1,1,0,0
0,0,0,0,0,0,1,1,0,1,0,0,0,1,0,0,0,20.9,0,1,0,0,0,0,20.9,0,0,0,0
0,1,1,0,0,0,0,1,0,1,1,0,1,0,1,0,1,1825.5,0,31,0,1,1,0,59.7,0,0,0,0
1,0,0,0,1,0,0,1,0,1,0,0,0,0,0,0,1,669.0,1,7,0,1,1,1,94.25,1,0,1,1
0,1,1,1,1,0,0,0,1,1,0,1,1,0,0,0,1,4741.45,0,68,0,1,1,0,70.95,0,0,0,0
1,0,0,0,0,0,0,1,0,1,1,0,1,0,0,0,0,533.05,1,7,1,1,1,0,75.4,1,0,0,0
1,0,0,0,0,0,1,1,0,1,1,0,0,0,0,0,1,1066.9,1,12,0,0,1,0,86.55,1,0,0,0
1,1,0,0,0,0,1,1,0,1,1,1,1,0,0,0,0,2459.8,0,46,0,0,1,0,53.1,0,0,0,0
0,0,0,0,0,0,1,1,0,1,1,0,0,1,0,0,0,158.4,1,2,1,0,1,0,75.45,1,0,1,1
0,0,0,1,1,1,1,0,1,1,0,0,1,0,0,0,1,6435.25,1,71,1,0,1,0,89.45,0,0,0,0
1,1,0,0,1,0,0,0,1,1,0,0,0,0,1,1,0,3283.05,0,54,0,1,1,0,61.0,1,1,0,0
0,1,0,0,1,0,1,1,0,1,0,1,1,1,0,0,0,235.05,0,4,0,0,1,0,54.7,0,0,0,0
0,0,1,0,1,0,0,1,0,1,1,0,1,0,0,0,1,4853.75,1,49,0,1,1,1,99.05,1,0,1,1
0,1,0,0,0,0,1,1,0,0,0,0,0,1,0,0,0,25.15,0,1,0,0,1,0,25.15,1,0,0,0
0,0,0,1,0,1,1,0,0,1,0,0,0,0,0,0,0,1424.9,0,68,0,0,0,0,20.5,0,0,0,0
0,1,0,0,1,0,1,0,0,1,1,0,0,1,1,1,1,3471.1,0,44,0,0,1,1,77.55,1,0,0,0
0,0,0,1,0,0,0,0,0,1,0,0,1,1,1,0,0,808.95,0,40,0,1,0,0,19.6,0,0,0,0
0,0,1,0,0,0,1,1,0,1,0,0,1,0,1,0,0,198.1,0,12,0,0,0,0,19.4,0,0,0,0
0,1,0,1,1,1,0,0,1,1,0,0,0,0,1,0,1,5196.1,0,66,0,1,1,1,79.5,1,1,0,0
0,0,1,1,0,0,1,0,0,1,0,0,1,0,0,0,0,1493.2,0,71,0,0,0,0,20.9,1,0,0,0
0,0,0,0,0,1,0,0,0,1,0,0,0,0,0,1,0,707.5,0,32,0,1,0,0,20.35,0,0,0,0
1,0,0,0,1,0,0,1,0,1,1,1,1,0,1,0,1,6487.2,1,62,0,1,1,1,105.5,1,0,0,0
0,1,1,0,1,0,1,1,0,1,0,0,1,0,1,0,0,401.5,0,8,0,0,1,0,56.3,0,1,0,0
0,1,0,1,0,1,0,0,1,0,0,1,1,0,0,0,0,2692.75,0,70,0,1,1,0,39.15,1,1,0,0
1,0,0,0,0,0,0,1,0,1,0,0,0,0,0,0,1,793.55,1,10,1,1,1,0,79.25,1,0,1,1
0,1,1,1,1,0,1,0,1,1,1,1,1,0,1,0,1,5824.75,0,72,0,0,1,0,80.85,0,1,0,0
0,1,1,0,0,0,1,0,1,1,0,1,0,0,0,1,1,2727.3,0,34,0,0,1,1,79.95,1,1,0,0
1,0,0,0,1,0,1,1,0,1,1,0,0,0,0,0,1,1424.95,1,15,1,0,1,0,89.85,0,0,1,1
0,1,1,0,0,0,1,1,1,0,0,0,1,0,0,0,1,633.4,0,13,0,0,1,1,48.75,1,0,1,1
1,1,0,0,1,0,1,1,0,1,1,0,0,0,0,0,0,3725.5,0,67,1,0,1,0,54.9,0,0,0,0
0,0,0,0,1,1,0,1,0,1,1,1,1,0,0,0,1,673.1,1,7,1,1,1,0,94.7,1,0,1,1
0,1,1,0,0,0,0,1,1,1,0,1,0,0,0,0,0,1424.4,0,21,0,1,1,1,65.35,0,0,0,0
0,1,0,0,0,1,1,1,0,1,1,0,0,0,0,0,0,757.1,0,15,1,0,1,0,55.0,0,1,1,1
0,0,0,0,0,0,1,1,0,1,0,0,1,1,0,0,0,252.75,0,10,0,0,0,0,20.55,1,0,0,0
0,0,1,0,1,0,1,1,0,1,0,0,1,0,1,0,0,145.4,1,2,0,0,1,0,73.55,1,0,1,1
0,0,1,1,0,0,0,0,0,1,1,0,0,0,0,0,0,251.6,0,10,0,1,0,0,25.7,0,0,0,0
1,0,0,1,1,0,0,0,1,1,1,1,1,0,1,0,1,7856.0,1,68,0,1,1,1,113.15,1,1,1,1
0,1,0,0,0,1,0,1,0,1,0,1,1,0,0,0,1,1011.05,0,18,1,1,1,0,59.1,1,0,0,0
1,0,0,0,1,0,0,0,1,1,1,0,0,0,0,1,1,3066.45,1,31,0,1,1,1,103.45,1,0,1,1
0,0,0,1,0,0,0,0,0,1,0,0,0,1,0,0,0,689.75,0,33,0,1,0,0,20.35,0,0,0,0
1,0,0,0,1,0,1,1,1,1,1,0,0,0,0,0,1,829.55,1,8,1,0,1,1,105.5,1,0,1,1
0,0,1,1,0,0,1,0,0,1,0,0,1,0,1,0,0,1375.4,0,69,0,0,0,0,19.75,0,0,0,0
0,1,0,0,1,1,0,0,0,1,1,1,1,0,0,1,0,3316.1,0,55,1,1,1,0,60.0,0,0,0,0
0,0,0,0,0,0,0,0,0,1,0,0,0,1,1,1,0,682.15,0,33,0,1,0,0,20.15,1,0,0,0
1,0,0,0,1,0,1,1,0,1,0,0,0,0,0,0,0,75.8,1,1,0,0,1,0,75.8,0,0,1,1
0,1,0,0,1,1,1,0,0,1,0,1,0,0,0,1,0,3870.0,0,67,0,0,1,0,60.5,0,1,0,0
1,0,0,0,0,0,1,1,0,1,1,0,0,0,0,0,0,799.65,1,10,0,0,1,0,74.75,1,0,1,1
0,0,0,0,0,0,0,1,0,1,0,0,1,1,1,0,0,69.9,1,1,0,1,1,0,69.9,1,0,1,1
1,1,0,0,0,0,0,1,1,0,0,0,0,0,0,0,1,1803.7,0,33,1,1,1,1,54.6,1,1,0,0
1,0,0,0,0,0,0,1,1,1,0,0,0,0,0,0,0,704.3,1,9,0,1,1,0,73.8,1,0,0,0
1,0,0,0,0,0,0,1,0,1,1,0,1,0,0,0,0,2425.4,1,34,1,1,1,0,75.55,1,0,0,0
0,1,0,0,1,0,1,1,0,1,0,0,1,1,0,0,1,1130.85,0,19,0,0,1,0,59.8,1,0,0,0
0,0,0,0,0,0,1,1,0,1,1,1,1,1,0,0,1,4847.35,1,49,0,0,1,1,100.85,1,0,0,0
0,0,0,0,0,1,0,1,0,1,0,1,0,0,0,0,1,832.35,1,8,1,1,1,1,100.3,0,1,1,1
0,1,1,1,1,0,1,0,1,1,1,0,0,0,0,0,1,6350.5,0,72,0,0,1,1,86.6,0,1,0,0
0,0,0,1,0,1,1,0,1,1,1,1,0,0,0,0,1,5779.6,1,57,1,0,1,0,101.3,0,1,0,0
1,0,0,0,0,0,0,1,0,1,1,0,0,0,0,0,1,181.7,1,2,1,1,1,1,94.0,1,0,1,1
1,1,0,0,0,0,0,1,0,1,0,1,0,0,0,0,0,874.8,0,18,0,1,1,0,49.4,0,0,1,1
0,0,0,0,0,0,1,1,0,1,1,0,0,1,0,0,0,1145.7,1,15,1,0,1,0,74.45,1,0,1,1
0,0,0,0,0,0,1,0,0,1,0,0,0,1,0,1,0,280.85,0,17,0,0,0,0,19.55,0,0,0,0
0,0,0,0,0,1,1,0,1,1,1,0,0,0,0,1,1,6254.2,1,64,0,0,1,1,100.05,1,0,1,1
1,0,0,0,1,0,1,1,0,1,1,0,1,0,1,0,1,5611.7,1,57,0,0,1,1,100.6,1,0,0,0
1,1,0,0,0,0,0,1,0,0,0,0,1,0,0,0,0,23.45,0,1,0,1,1,0,23.45,1,0,1,1
1,0,0,0,0,0,0,1,0,1,0,0,1,0,1,0,0,1149.65,1,17,0,1,1,0,69.0,1,0,1,1
1,1,0,0,0,0,1,1,1,1,0,0,0,0,0,0,0,161.45,0,3,0,0,1,1,57.55,0,0,0,0
0,1,1,0,1,0,1,1,1,1,0,1,1,0,1,0,1,2404.15,0,32,0,0,1,0,76.3,0,1,0,0
0,0,1,0,1,0,1,0,1,1,1,1,0,0,0,1,0,6779.05,1,66,0,0,1,1,104.55,1,1,0,0
0,1,0,1,1,0,0,0,0,1,1,1,0,1,1,0,1,4461.85,0,52,0,1,1,1,85.15,1,1,0,0
0,0,0,0,0,1,1,1,0,1,1,0,0,0,0,0,0,1129.35,1,16,0,0,1,0,74.75,1,0,0,0
0,0,1,0,0,0,0,1,0,1,0,0,0,0,1,0,0,50.6,0,3,0,1,0,0,20.2,0,0,0,0
0,0,0,1,0,0,0,0,0,1,1,0,0,1,1,0,0,121.25,0,3,0,1,0,0,26.4,1,0,0,0
1,0,0,0,1,0,1,1,0,1,0,0,0,0,0,0,0,392.5,1,5,1,0,1,1,84.7,1,0,0,0
0,0,0,1,0,0,1,0,0,1,1,0,1,1,1,0,0,428.45,0,18,0,0,0,0,25.1,0,0,0,0
1,0,0,0,0,0,0,0,1,1,0,1,0,0,0,1,1,1064.95,1,10,0,1,1,1,98.9,1,0,0,0
0,1,1,1,1,0,0,0,0,1,1,1,1,0,0,0,0,4681.75,0,71,0,1,1,0,65.15,0,1,0,0
0,1,0,0,1,0,0,1,1,1,0,0,1,1,1,0,0,168.15,0,3,0,1,1,0,56.15,1,0,1,1
0,1,0,0,0,0,1,1,0,1,0,1,0,1,1,0,0,51.2,0,1,0,0,1,0,51.2,0,0,0,0
1,0,0,0,0,0,0,1,1,1,0,0,0,0,0,0,1,197.7,1,2,0,1,1,1,95.85,1,0,1,1
1,0,0,0,0,0,0,1,0,1,0,1,1,0,0,0,1,95.0,1,1,0,1,1,1,95.0,1,0,1,1
1,1,0,0,0,0,0,1,0,0,0,0,0,0,1,0,0,24.75,0,1,0,1,1,0,24.75,0,0,1,1
0,0,0,0,1,1,1,0,1,1,1,0,1,0,0,1,1,6405.0,1,61,1,0,1,1,104.4,1,0,1,1
1,0,0,0,0,0,0,1,0,1,0,0,1,0,1,0,0,1974.8,1,29,0,1,1,0,70.75,1,0,1,1
1,0,0,0,1,0,0,1,1,1,1,0,1,0,0,0,0,1185.0,1,14,0,1,1,0,82.65,1,0,0,0
1,0,0,0,0,0,0,1,1,1,1,0,1,0,0,0,1,665.45,1,7,1,1,1,1,99.25,1,0,1,1
1,1,0,0,1,0,1,1,0,0,0,0,1,0,0,0,0,1637.4,0,40,1,0,1,1,39.3,1,0,1,1
0,0,1,1,1,0,1,0,1,1,0,0,0,0,0,0,1,4904.2,1,46,0,0,1,1,104.4,1,1,0,0
0,1,1,1,0,0,1,0,1,1,0,1,1,0,0,0,1,5924.4,0,71,0,0,1,1,81.85,0,1,0,0
1,0,0,0,0,0,0,1,0,1,0,0,0,0,0,0,1,874.2,1,11,1,1,1,0,78.5,1,0,0,0
0,1,1,1,1,0,0,0,1,0,0,1,0,0,0,0,0,3888.65,0,71,0,1,1,1,53.95,0,1,0,0
1,0,0,0,0,0,1,1,0,1,1,1,0,0,0,0,1,1308.1,1,13,1,0,1,1,100.8,1,0,1,1
0,0,0,0,0,1,0,1,0,1,1,0,1,0,0,0,1,6079.0,1,67,1,1,1,1,94.65,1,0,0,0
0,1,0,0,1,1,1,1,0,1,1,0,1,0,0,0,0,2379.1,0,40,0,0,1,0,56.6,0,0,0,0
0,1,1,0,0,0,1,1,0,0,0,0,1,0,0,0,0,853.0,0,25,0,0,1,1,34.0,1,0,1,1
0,0,1,1,1,0,1,0,0,1,1,1,1,0,1,0,1,6997.3,1,64,0,0,1,1,110.3,0,1,0,0
0,1,0,0,0,1,0,0,1,0,0,1,1,0,1,1,0,792.15,0,17,0,1,1,1,44.45,0,0,0,0
1,1,0,0,0,0,1,1,0,1,0,0,1,0,0,0,0,270.8,0,6,0,0,1,0,49.15,1,1,1,1
1,0,0,0,0,0,1,1,0,1,1,0,0,0,0,0,1,830.85,1,10,0,0,1,0,86.45,0,0,1,1
0,0,0,0,0,0,0,1,0,1,0,0,0,1,1,0,0,268.4,0,14,0,1,0,0,19.95,0,0,0,0
0,0,1,0,0,0,0,0,0,1,0,0,0,0,0,1,0,2597.6,1,38,0,1,1,0,70.45,1,0,1,1
1,0,0,0,0,0,0,0,0,1,0,0,1,0,0,1,0,1539.75,0,71,0,1,0,0,20.85,0,0,0,0
1,0,0,0,0,0,0,1,0,1,1,0,0,0,0,0,1,335.75,1,3,1,1,1,1,94.85,1,0,0,0
0,1,0,0,1,0,1,1,0,1,1,1,1,1,0,0,0,1381.8,0,22,1,0,1,0,63.55,1,1,0,0
0,1,0,0,1,1,0,1,0,0,0,0,0,0,0,0,1,207.35,0,4,1,1,1,1,50.95,1,0,0,0
0,0,0,0,0,1,0,1,0,1,0,0,1,0,1,0,0,138.85,0,6,0,1,0,0,19.85,0,0,0,0
0,1,1,1,1,0,0,0,1,1,0,1,0,0,0,0,0,2313.8,0,37,0,1,1,0,65.6,0,1,0,0
0,0,0,1,0,0,0,0,0,1,1,0,1,1,1,0,0,1782.05,0,70,0,1,0,0,25.4,0,0,0,0
0,0,0,0,0,0,0,1,0,1,0,0,0,1,0,0,0,416.4,0,21,0,1,0,0,19.95,1,0,0,0
1,0,0,0,1,0,0,1,0,1,1,0,0,0,0,0,0,79.15,1,1,0,1,1,0,79.15,1,0,1,1
1,0,0,0,1,0,0,1,1,1,1,0,1,0,0,0,1,2184.85,1,23,1,1,1,1,104.45,1,0,0,0
0,1,1,0,0,0,0,1,0,0,0,0,0,0,0,0,1,768.45,0,23,1,1,1,0,34.65,1,0,0,0
0,0,0,0,0,0,0,1,0,1,0,0,0,1,1,0,0,184.1,0,9,0,1,0,0,20.4,0,0,0,0
0,0,0,0,0,0,1,1,0,1,0,0,1,1,1,0,0,60.65,0,3,0,0,0,0,19.65,0,0,0,0
1,0,0,0,1,0,0,1,1,1,1,0,0,0,0,0,0,773.65,1,8,0,1,1,1,94.0,1,0,1,1
0,0,1,0,0,0,1,1,0,1,1,0,1,0,0,0,1,5749.8,1,58,1,0,1,1,100.4,1,1,0,0
1,0,0,0,1,0,0,0,1,1,0,0,1,0,1,1,0,5453.4,1,60,0,1,1,1,90.95,0,0,1,1
0,0,0,0,0,1,1,1,0,1,0,0,0,0,0,0,0,347.65,0,20,0,0,0,0,18.9,1,0,0,0
0,1,0,1,1,1,1,0,1,1,1,1,1,0,1,0,1,6425.65,0,72,1,0,1,1,88.05,1,1,0,0
0,0,0,0,0,0,1,1,0,1,0,0,0,1,0,0,0,20.25,0,1,0,0,0,0,20.25,1,0,0,0
0,1,0,0,0,0,0,0,0,1,0,1,1,1,0,1,0,3561.15,0,60,0,1,1,1,59.8,1,0,0,0
0,1,0,0,1,1,0,0,1,0,0,0,1,0,1,1,0,812.4,0,18,0,1,1,1,46.4,0,0,0,0
0,0,1,0,1,0,1,0,1,1,1,0,1,0,1,1,1,4454.25,1,41,0,0,1,1,109.1,1,1,0,0
1,0,0,0,0,0,0,1,1,1,1,0,0,0,0,0,0,1021.75,1,12,0,1,1,1,89.55,1,0,0,0
0,0,0,1,0,1,0,0,0,1,0,0,1,0,1,0,0,1388.45,0,71,1,1,0,0,19.8,0,0,0,0
0,0,0,1,0,1,0,0,0,1,1,0,1,0,1,0,0,1790.8,0,72,0,1,0,0,25.1,1,0,0,0
1,0,0,0,0,0,1,1,0,1,1,0,1,0,0,0,1,646.85,1,7,1,0,1,0,84.55,1,0,1,1
0,0,0,0,1,1,1,0,1,1,1,1,1,0,1,1,1,7930.55,1,70,0,0,1,1,108.15,1,0,0,0
0,0,0,0,0,0,0,0,0,1,0,0,1,1,0,1,0,417.5,0,20,0,1,0,0,20.65,0,0,0,0
0,1,0,1,0,0,1,0,1,0,0,1,0,1,0,0,0,692.35,0,14,1,0,1,0,39.7,0,1,0,0
1,0,0,0,1,0,0,1,0,1,1,0,0,0,0,0,0,3645.75,1,41,0,1,1,1,89.2,1,0,0,0
1,1,0,0,0,0,0,1,0,1,0,0,0,0,0,0,0,44.8,0,1,0,1,1,0,44.8,1,0,0,0
1,0,0,0,1,0,1,1,1,1,1,0,1,0,0,0,1,6953.4,1,64,0,0,1,1,111.15,1,1,0,0
1,1,0,0,1,0,1,1,0,0,0,0,0,0,0,0,1,96.8,0,2,0,0,1,1,51.4,0,0,0,0
0,0,0,0,0,0,0,1,0,1,0,0,1,1,1,0,0,40.25,0,2,0,1,0,0,20.3,0,0,0,0
0,0,0,1,0,0,1,0,0,1,0,0,0,1,0,0,0,261.3,0,13,0,0,0,0,20.4,1,0,0,0
1,0,0,0,1,0,1,1,1,1,1,0,1,0,0,0,1,5624.85,1,52,0,0,1,1,105.05,1,0,1,1
1,1,0,0,0,0,0,1,0,1,0,0,0,0,0,0,0,44.0,0,1,1,1,1,0,44.0,0,0,0,0
1,0,0,0,0,0,1,1,0,1,0,1,0,0,0,0,0,1380.4,1,18,0,0,1,0,75.4,1,0,0,0
0,0,0,0,0,0,0,1,0,1,0,0,0,1,0,0,0,33.2,0,2,0,1,0,0,20.35,0,0,1,1
0,0,0,0,1,0,0,1,0,1,0,0,0,1,0,0,0,866.4,1,11,0,1,1,0,75.9,1,0,0,0
0,0,1,1,0,0,0,0,0,1,1,0,1,0,1,0,0,1798.9,0,72,0,1,0,0,25.2,1,0,0,0
1,0,0,0,0,0,1,1,0,1,1,0,0,0,0,0,0,85.7,1,1,1,0,1,1,85.7,1,0,1,1
0,0,0,0,0,0,0,0,0,1,0,0,1,1,1,1,0,309.35,0,14,0,1,0,0,19.75,0,0,0,0
1,1,0,0,1,0,0,1,0,1,0,0,1,0,1,0,1,2747.2,0,35,1,1,1,1,76.05,1,1,0,0
0,1,1,0,0,0,0,0,1,0,0,0,1,0,0,1,1,2959.8,0,56,0,1,1,1,54.05,1,1,0,0
0,0,0,0,0,0,1,0,0,1,0,0,1,1,1,1,0,533.5,0,24,0,0,0,0,19.9,0,0,0,0
1,0,0,0,0,0,1,1,0,1,0,1,1,0,0,0,1,2326.05,1,23,1,0,1,1,95.1,1,0,0,0
0,0,0,0,1,1,1,1,0,1,1,0,0,0,0,0,0,2917.5,1,35,0,0,1,0,85.3,0,1,1,1
0,0,1,0,1,0,0,1,1,1,0,0,0,0,0,0,1,2142.8,1,22,0,1,1,0,94.95,1,1,0,0
0,1,0,0,0,0,0,1,0,1,0,0,0,1,0,0,0,46.3,0,1,0,1,1,0,46.3,0,0,1,1
1,0,0,0,0,0,0,1,0,1,0,0,0,0,0,0,1,324.3,1,4,0,1,1,0,79.9,1,0,1,1
0,0,0,0,0,1,0,1,0,1,0,0,0,0,0,0,0,157.75,1,2,0,1,1,0,71.3,1,0,0,0
0,0,0,0,0,0,0,1,0,1,1,0,0,1,0,0,0,1130.85,1,15,0,1,1,0,76.0,1,0,1,1
1,0,0,0,0,0,0,1,0,1,1,1,1,0,0,0,0,1772.25,1,24,1,1,1,0,78.85,1,0,1,1
0,0,0,1,0,1,1,0,1,1,1,0,0,0,0,0,1,7853.7,1,72,0,0,1,1,107.5,1,1,0,0
0,0,0,0,0,1,0,1,0,1,1,0,0,0,0,0,0,245.2,0,11,0,1,0,0,23.15,0,0,1,1
0,0,1,0,1,0,1,1,0,1,1,0,1,0,1,0,1,1259.0,1,14,0,0,1,0,90.9,1,0,1,1
1,0,0,0,0,0,1,1,0,1,0,1,0,0,0,0,0,1270.2,1,15,0,0,1,1,86.2,0,0,1,1
0,1,1,0,1,0,1,1,1,1,1,1,1,0,1,0,0,4508.65,0,66,0,0,1,0,67.45,1,0,0,0
0,0,0,0,0,0,0,1,1,1,0,1,0,1,0,0,0,887.35,1,10,0,1,1,0,79.85,1,0,0,0
1,1,0,0,0,0,1,1,0,0,0,0,0,0,0,0,0,25.25,0,1,1,0,1,0,25.25,0,0,1,1
1,1,0,0,0,0,1,1,0,1,1,1,0,0,0,0,1,1912.15,0,29,0,0,1,0,66.1,1,0,0,0
0,0,0,1,0,0,0,0,0,1,0,0,1,1,0,0,0,1258.15,0,60,0,1,0,0,19.95,0,0,0,0
0,0,0,0,0,0,0,1,0,1,0,0,0,1,0,0,0,20.1,0,1,0,1,0,0,20.1,1,0,1,1
0,1,0,0,1,1,0,1,0,1,0,1,1,0,1,0,0,1510.3,0,27,0,1,1,0,54.75,1,0,0,0
0,1,0,0,0,0,0,1,1,1,0,0,0,1,0,0,0,50.9,0,1,0,1,1,0,50.9,0,0,1,1
0,0,0,0,0,1,1,1,1,1,1,0,1,0,0,0,0,3729.75,1,42,0,0,1,0,85.9,1,1,0,0
1,0,0,0,0,0,1,1,0,1,0,0,1,0,0,0,1,2395.7,1,25,0,0,1,1,95.15,1,1,0,0
0,1,0,1,1,0,1,0,1,1,1,1,1,1,1,0,1,5526.75,0,61,0,0,1,1,88.1,0,1,0,0
0,1,0,0,0,0,1,1,0,1,0,0,0,1,0,0,0,191.05,0,4,0,0,1,0,45.65,0,0,1,1
0,1,0,0,0,1,1,1,0,1,1,0,0,0,0,0,0,1505.15,0,28,0,0,1,0,54.9,1,1,0,0
0,1,0,1,0,0,1,0,1,1,0,1,1,1,0,0,1,4985.9,0,62,0,0,1,1,81.0,0,1,0,0
1,0,0,0,0,0,0,1,0,1,0,0,0,0,0,0,0,560.85,1,8,1,1,1,0,69.7,1,0,1,1
0,0,0,0,1,1,1,1,1,1,1,0,1,0,1,0,0,2888.7,1,33,0,0,1,0,88.6,0,1,0,0
0,0,0,0,0,1,0,1,1,1,1,0,1,0,1,0,1,7007.6,1,69,0,1,1,1,99.45,1,0,1,1
0,0,1,0,0,0,0,0,0,1,0,0,1,0,1,1,0,329.75,0,17,0,1,0,0,19.9,0,0,0,0
1,0,0,0,0,0,0,0,1,1,0,0,0,0,1,1,0,3030.6,1,35,0,1,1,1,85.15,1,0,1,1
0,1,1,1,1,0,0,0,0,1,0,1,1,0,1,0,1,5776.45,0,68,0,1,1,1,82.85,0,1,0,0
1,0,0,0,0,0,1,1,1,1,1,0,1,0,1,0,1,1258.6,1,14,0,0,1,0,87.25,1,0,1,1
0,0,0,0,1,1,1,0,1,1,0,1,0,0,0,1,0,4664.2,1,46,0,0,1,1,95.65,1,0,0,0
0,1,0,0,0,0,1,1,0,1,0,1,0,1,1,0,0,49.9,0,1,0,0,1,0,49.9,0,0,0,0
1,0,0,0,0,0,0,1,0,1,0,0,0,0,0,0,0,931.75,1,13,0,1,1,0,70.15,1,0,0,0
0,0,1,0,0,0,1,1,0,1,0,0,0,0,0,0,0,297.3,0,15,0,0,0,0,19.75,0,0,1,1
0,0,0,0,0,0,1,1,0,1,0,0,0,1,0,0,0,112.75,0,6,0,0,0,0,20.7,0,0,0,0
1,0,0,0,0,0,1,1,1,1,0,0,1,0,0,0,0,3371.75,1,37,1,0,1,1,90.0,0,1,0,0
0,0,1,0,0,0,0,1,0,1,1,0,0,0,0,0,1,2664.3,1,32,0,1,1,0,85.65,1,0,0,0
0,0,1,0,1,0,1,0,0,1,0,1,0,0,1,1,1,4822.85,1,46,0,0,1,1,105.2,1,1,1,1
0,0,0,0,0,0,1,0,0,1,0,0,1,1,1,1,0,272.0,0,14,0,0,0,0,19.5,1,0,0,0
1,0,0,0,1,0,0,1,0,1,0,1,1,0,0,0,0,3013.05,1,38,0,1,1,0,79.45,1,0,1,1
1,0,0,0,0,0,0,1,0,1,1,1,1,0,0,0,1,4086.3,1,40,1,1,1,1,101.85,0,0,1,1
0,0,0,0,0,0,1,1,0,1,0,0,0,1,0,0,0,27.55,0,2,0,0,0,0,19.5,0,0,0,0
0,1,0,0,0,1,0,0,0,1,1,0,0,0,0,1,0,1295.4,0,26,0,1,1,0,51.55,1,0,0,0
1,1,0,0,0,0,1,1,0,1,0,0,0,0,0,0,0,45.15,0,1,0,0,1,0,45.15,0,0,1,1
0,0,0,0,0,0,1,1,0,1,0,0,0,1,0,0,0,109.5,0,6,0,0,0,0,20.95,1,0,0,0
0,0,0,0,0,1,0,0,0,1,1,0,0,0,0,1,0,2548.65,1,31,0,1,1,0,81.7,0,1,0,0
0,0,0,0,0,0,0,1,0,1,0,0,0,1,0,0,0,20.45,0,1,0,1,0,0,20.45,1,0,0,0
0,0,0,0,0,0,1,1,1,1,0,1,0,1,0,0,1,1426.75,1,15,1,0,1,0,96.3,1,1,1,1
0,1,0,0,1,1,0,0,1,0,0,0,1,0,1,1,1,1682.05,0,28,0,1,1,1,60.0,1,1,0,0
0,0,1,1,1,0,1,0,1,1,1,1,1,0,1,0,1,8308.9,1,72,0,0,1,1,117.6,1,1,0,0
1,0,0,0,0,0,1,1,0,1,1,0,1,0,0,0,1,1579.7,1,17,0,0,1,1,92.6,0,0,0,0
0,0,1,0,0,0,0,0,0,1,1,0,0,0,1,1,0,723.3,0,30,0,1,0,0,25.35,0,0,0,0
0,0,0,1,0,1,0,0,1,1,1,0,1,0,1,0,0,5420.65,1,69,0,1,1,0,79.2,1,0,0,0
0,0,0,0,0,0,0,0,0,1,0,0,0,1,1,1,0,535.05,0,29,0,1,0,0,19.85,0,0,0,0
1,1,0,1,0,0,1,0,0,1,0,1,1,0,1,0,0,3996.8,0,66,0,0,1,1,59.75,1,0,0,0
0,0,1,0,0,0,0,0,1,1,1,1,1,0,1,1,0,3082.1,1,31,0,1,1,1,98.05,0,0,0,0
0,1,1,0,0,0,1,0,0,1,1,1,0,0,0,1,1,4070.95,0,59,0,0,1,0,68.7,0,1,0,0
1,0,0,0,0,0,1,1,0,1,0,0,0,0,0,0,0,151.65,1,2,0,0,1,0,70.7,1,0,1,1
0,1,0,0,0,0,1,1,0,1,0,0,0,1,0,0,0,45.95,0,1,0,0,1,0,45.95,0,0,1,1
0,0,1,1,0,0,1,0,0,1,1,0,1,0,1,0,0,332.5,0,13,0,0,0,0,25.0,1,0,0,0
0,1,0,1,1,0,0,0,1,1,0,1,1,1,1,0,0,4097.05,0,66,0,1,1,0,65.85,0,1,0,0
1,0,0,0,0,0,0,1,0,1,1,0,0,0,0,0,1,196.75,1,2,1,1,1,1,93.85,1,0,1,1
1,0,0,0,0,0,0,1,0,1,1,0,0,0,0,0,0,758.6,1,9,0,1,1,1,85.35,1,0,1,1
1,0,0,0,0,0,0,1,0,1,0,0,0,0,0,0,0,144.55,1,2,0,1,1,1,80.25,1,0,1,1
0,1,0,1,0,1,0,0,1,1,1,1,0,0,0,0,1,5031.0,0,69,1,1,1,0,74.1,0,1,0,0
0,1,1,0,1,0,0,1,1,0,0,1,1,0,1,0,0,1448.8,0,37,0,1,1,0,40.2,0,0,1,1
1,0,0,0,0,0,1,1,0,1,0,1,0,0,0,0,1,1740.7,1,18,0,0,1,1,96.05,1,0,1,1
1,0,0,0,0,0,1,1,0,1,0,0,0,0,0,0,0,70.25,1,1,0,0,1,0,70.25,1,0,0,0
0,0,0,1,1,1,1,0,1,1,1,1,0,0,1,0,1,3946.9,1,34,0,0,1,1,116.15,1,1,0,0
1,0,0,0,0,0,0,1,1,1,1,0,1,0,0,0,1,2391.8,1,24,0,1,1,1,101.05,1,0,1,1
0,0,1,1,0,0,1,0,0,1,0,0,1,0,1,0,0,886.4,0,45,0,0,0,0,20.0,1,0,0,0
0,0,0,0,0,1,1,0,1,1,1,1,0,0,0,1,0,4589.85,1,55,0,0,1,0,84.25,1,0,0,0
0,0,1,0,0,0,1,0,0,1,1,1,1,0,1,1,1,6721.6,1,64,0,0,1,1,104.4,1,1,0,0
0,0,0,0,0,0,0,1,0,1,0,0,0,1,0,0,1,80.85,1,1,0,1,1,0,80.85,1,0,1,1
1,0,0,0,0,0,1,1,0,1,1,0,0,0,0,0,0,77.15,1,1,0,0,1,0,77.15,1,0,1,1
1,0,0,0,1,0,0,1,1,1,0,0,0,0,0,0,0,973.45,1,13,0,1,1,0,79.8,1,0,1,1
1,0,0,0,0,0,1,1,0,1,1,0,0,0,0,0,1,1529.2,1,16,1,0,1,1,96.15,1,0,1,1
0,0,0,0,1,0,0,1,0,1,1,0,1,1,1,0,0,1826.7,1,20,0,1,1,1,96.8,0,1,0,0
0,0,0,1,1,1,1,0,1,1,1,1,1,0,0,0,1,3834.4,1,36,0,0,1,0,106.05,1,1,0,0
0,0,0,0,0,1,0,0,0,1,0,0,0,0,0,1,0,595.5,0,26,0,1,0,0,20.65,1,0,0,0
0,0,0,0,1,0,1,1,0,1,0,1,0,1,0,0,0,83.4,1,1,0,0,1,0,83.4,1,1,0,0
1,0,0,0,0,0,1,1,1,1,0,0,0,0,0,0,0,1025.95,1,14,0,0,1,0,75.35,0,0,1,1
1,0,0,0,0,0,1,1,0,1,0,0,0,0,0,0,1,574.35,1,7,1,0,1,1,89.15,1,0,0,0
1,0,0,1,0,0,0,0,0,1,0,0,1,0,0,0,0,835.5,0,42,0,1,0,0,20.25,0,0,0,0
0,0,0,0,0,0,1,1,0,1,0,0,0,1,0,0,0,70.15,1,1,0,0,1,0,70.15,1,0,1,1
0,0,0,0,0,0,1,1,0,1,0,0,0,1,0,0,0,163.2,0,10,0,0,0,0,18.85,0,0,0,0
1,1,0,0,1,0,0,1,0,0,0,0,0,0,0,0,1,265.8,0,7,1,1,1,0,44.4,1,1,0,0
0,0,0,0,0,0,1,1,0,1,0,0,0,1,0,0,0,70.7,1,1,0,0,1,0,70.7,1,0,0,0
1,0,0,0,1,0,1,1,1,1,1,0,0,0,0,0,1,5127.95,1,47,0,0,1,1,106.4,1,0,1,1
1,0,0,0,0,0,0,1,0,1,1,0,0,0,0,0,1,3474.05,1,35,1,1,1,1,95.45,1,0,1,1
0,0,1,1,1,0,0,0,0,1,0,1,1,0,0,0,0,5706.2,1,70,0,1,1,0,84.6,0,1,0,0
1,1,0,0,1,0,1,1,0,1,0,1,1,0,1,0,0,2076.05,0,38,0,0,1,0,54.5,0,0,0,0
1,0,0,0,0,0,0,1,0,1,1,0,1,0,0,0,1,1691.9,1,18,0,1,1,1,94.75,1,0,0,0
0,0,1,0,1,0,1,0,0,1,1,0,0,0,0,1,1,6744.25,1,65,0,0,1,1,105.05,1,1,0,0
0,0,1,1,0,0,1,0,0,1,1,0,1,0,1,0,0,1748.55,0,65,0,0,0,0,25.3,1,0,0,0
0,0,0,1,0,1,1,0,0,1,1,0,1,0,1,0,0,1654.85,0,65,0,0,0,0,26.0,0,0,0,0
1,1,0,1,1,0,0,0,0,1,1,1,1,0,0,0,1,5538.35,0,66,0,1,1,1,85.25,0,1,0,0
0,1,1,0,1,0,0,1,0,1,0,1,1,0,0,0,1,1339.8,0,21,1,1,1,0,64.95,1,0,0,0
1,0,0,0,0,0,1,1,1,1,0,0,0,0,0,0,1,729.95,1,8,1,0,1,1,92.1,1,0,1,1
0,0,1,0,0,0,0,1,0,1,0,0,1,0,1,0,0,868.5,1,11,0,1,1,1,79.5,1,0,1,1
0,1,0,0,1,1,0,0,0,1,1,1,1,0,1,1,0,4748.7,0,71,0,1,1,0,66.85,1,1,0,0
1,0,0,0,0,0,0,1,0,1,1,0,0,0,0,0,0,2088.8,1,26,0,1,1,0,80.5,1,1,1,1
1,1,0,0,1,0,0,1,0,1,0,0,0,0,1,0,0,1312.45,0,23,0,1,1,0,54.15,0,1,0,0
0,1,0,0,1,1,0,0,0,1,0,1,0,0,0,1,1,4698.05,0,62,0,1,1,1,74.3,1,0,0,0
1,1,0,1,0,0,1,0,1,1,1,1,1,0,0,0,1,4916.4,0,58,0,0,1,1,84.3,1,1,0,0
0,0,0,1,1,0,0,0,1,1,1,1,1,1,1,0,1,6567.9,1,56,0,1,1,1,115.85,0,1,0,0
1,0,0,0,0,0,1,1,0,1,0,0,1,0,1,0,1,929.45,1,10,0,0,1,1,88.85,1,0,0,0
1,0,0,0,0,0,0,1,0,1,0,0,0,0,0,0,0,19.45,0,1,0,1,0,0,19.45,0,0,0,0
0,1,0,0,1,0,1,1,0,1,0,0,1,1,1,0,0,235.1,0,4,0,0,1,0,56.5,0,1,1,1
0,1,0,1,1,1,1,0,1,0,0,1,1,0,1,0,1,2768.65,0,47,0,0,1,1,60.0,1,0,0,0
1,0,0,0,0,0,1,1,0,1,1,0,0,0,0,0,1,1127.2,1,13,1,0,1,0,82.0,1,0,1,1
0,0,0,1,0,0,0,0,0,1,0,0,1,1,1,0,0,1123.15,0,57,0,1,0,0,20.75,0,0,0,0
1,1,0,0,1,0,1,1,0,0,0,0,0,0,0,0,0,347.25,0,13,0,0,1,0,31.05,1,0,1,1
1,0,0,0,0,0,0,1,0,1,1,0,0,0,0,0,0,1745.2,1,20,1,1,1,1,84.35,1,0,0,0
0,0,0,1,0,1,0,0,1,1,1,0,1,0,1,0,1,6511.8,1,72,0,1,1,0,90.8,1,0,0,0
1,0,0,0,0,0,1,1,0,1,1,0,1,0,0,0,0,308.05,1,4,1,0,1,1,83.25,1,0,0,0
0,0,1,0,1,0,0,1,0,1,1,0,1,0,0,0,0,2265.25,1,29,0,1,1,0,80.15,1,0,1,1
1,0,0,0,0,0,1,1,0,1,0,0,0,0,0,0,0,78.45,1,1,1,0,1,1,78.45,0,0,1,1
0,0,0,0,0,1,0,0,0,1,1,0,1,0,0,1,0,1446.8,0,62,0,1,0,0,23.75,1,0,0,0
0,0,0,1,0,0,1,0,0,1,0,0,0,1,0,0,0,358.05,0,17,0,0,0,0,19.4,0,0,0,0
0,1,0,0,1,0,1,1,0,1,0,1,1,1,1,0,1,1215.8,0,17,0,0,1,1,74.55,0,0,0,0
1,0,0,0,0,0,0,0,1,1,1,0,1,0,0,1,1,4586.15,1,42,0,1,1,1,108.3,1,1,0,0
1,1,0,0,1,0,1,1,0,0,0,1,1,0,1,0,0,1051.05,0,32,0,0,1,0,35.15,1,0,0,0
0,0,0,0,1,0,0,1,0,1,1,0,0,1,0,0,0,1248.9,1,16,0,1,1,0,80.55,1,0,0,0
1,0,0,0,0,0,1,1,0,1,1,0,0,0,0,0,0,1993.25,1,29,0,0,1,0,74.2,1,0,0,0
0,1,1,0,1,0,1,0,1,0,0,0,1,0,1,1,1,2264.5,0,45,0,0,1,0,51.0,0,1,0,0
0,0,0,0,0,1,0,1,1,1,1,0,1,0,1,0,0,5099.15,1,55,0,1,1,1,90.4,1,0,0,0
0,0,1,0,1,0,1,1,1,1,0,0,1,0,1,0,1,5935.1,1,53,0,0,1,1,108.25,1,1,0,0
0,0,0,0,1,1,0,1,0,1,1,1,0,0,0,0,0,2208.75,1,26,0,1,1,0,86.65,1,0,0,0
1,0,0,0,1,0,0,0,1,1,0,1,0,0,0,1,1,4510.8,1,44,0,1,1,1,106.05,1,0,0,0
0,0,1,0,0,0,0,0,0,1,1,0,0,0,0,1,0,676.35,0,25,0,1,0,0,25.3,0,0,1,1
0,0,0,1,1,0,1,0,0,1,0,0,1,1,0,0,1,6034.85,1,59,0,0,1,1,100.05,1,1,0,0
0,1,0,0,0,0,0,1,0,0,0,1,0,1,0,0,0,29.7,0,1,0,1,1,0,29.7,0,0,1,1
0,1,0,1,1,1,1,0,1,1,1,1,1,0,1,0,1,6510.45,0,72,0,0,1,1,89.8,0,1,0,0
0,0,0,0,0,1,0,1,0,1,1,0,0,0,1,0,0,332.45,1,4,0,1,1,0,80.8,0,1,1,1
1,0,0,0,0,0,1,1,0,1,1,0,0,0,0,0,0,511.25,1,7,0,0,1,0,73.85,1,0,1,1
1,0,0,0,0,0,0,0,1,1,1,0,0,0,0,1,1,6688.1,1,64,1,1,1,1,102.1,0,1,0,0
0,1,1,0,1,0,0,0,0,1,1,1,1,0,1,1,1,2344.5,0,31,0,1,1,0,75.25,1,1,0,0
1,0,0,0,1,0,0,1,1,1,0,0,1,0,0,0,0,3168.75,1,40,0,1,1,0,80.0,1,0,0,0
0,1,0,1,1,1,0,0,0,1,1,1,0,0,0,0,1,6309.65,0,72,0,1,1,1,86.05,0,1,0,0
0,0,1,1,0,0,0,0,0,1,0,0,1,0,1,0,0,1270.55,0,60,0,1,0,0,20.95,1,0,0,0
0,1,0,0,1,1,1,1,0,1,0,0,0,0,0,0,0,151.3,0,4,0,0,1,0,50.7,0,0,1,1
1,1,0,0,0,0,1,1,1,1,0,0,0,0,0,0,1,892.65,0,15,0,0,1,0,59.45,1,0,1,1
0,0,0,0,0,1,1,1,0,1,0,0,1,0,1,0,0,232.4,0,12,0,0,0,0,20.1,1,0,0,0
0,1,1,1,1,0,1,0,1,1,1,1,1,0,0,0,1,6468.6,0,72,0,0,1,1,90.95,1,1,0,0
0,0,0,1,0,0,0,0,0,1,0,0,1,1,1,0,0,225.75,0,11,0,1,0,0,19.65,0,0,0,0
0,1,0,0,1,0,1,0,0,0,0,1,0,1,0,1,0,711.95,0,18,0,0,1,0,40.2,1,1,0,0
1,1,0,0,0,0,0,0,1,0,0,0,0,0,0,1,0,470.6,0,11,0,1,1,1,41.6,1,0,1,1
0,0,0,0,0,0,1,1,0,1,0,0,0,1,0,0,0,69.55,1,1,0,0,1,0,69.55,0,0,1,1
1,1,0,0,0,0,0,1,1,1,1,0,0,0,0,0,0,1144.6,0,19,0,1,1,0,59.55,0,1,0,0
0,0,0,1,0,1,1,0,0,1,0,0,1,0,1,0,0,1326.25,0,72,0,0,0,0,20.1,1,0,0,0
0,0,0,1,0,1,1,0,0,1,1,0,1,0,1,0,0,514.75,0,23,0,0,0,0,25.6,1,0,0,0
0,0,1,1,1,0,0,0,1,1,1,1,1,0,1,0,1,7966.9,1,72,0,1,1,1,110.3,1,0,0,0
0,0,1,0,0,0,1,0,0,1,0,0,1,0,1,1,0,1336.65,0,64,0,0,0,0,19.8,0,0,0,0
0,0,0,0,0,1,1,1,0,1,0,0,0,0,0,0,0,389.6,1,5,0,0,1,1,81.0,1,0,1,1
0,0,0,1,0,1,1,0,0,1,0,0,1,0,0,0,0,875.55,0,41,0,0,0,0,20.65,0,0,0,0
1,0,0,0,0,0,1,1,0,1,1,0,0,0,0,0,1,3734.25,1,38,1,0,1,1,99.55,1,1,1,1
0,0,0,1,0,1,0,0,0,1,0,0,0,0,0,0,0,531.6,0,27,0,1,0,0,20.35,0,0,0,0
0,0,0,1,0,1,0,0,0,1,0,0,1,0,1,0,0,1090.6,0,54,0,1,0,0,20.4,0,0,0,0
0,0,0,0,0,0,1,1,0,1,0,0,0,1,0,0,0,391.7,0,18,0,0,0,0,19.65,0,0,0,0
0,1,0,0,1,0,1,0,0,1,1,0,0,1,0,1,0,3886.05,0,54,1,0,1,1,72.1,0,1,0,0
0,0,1,0,0,0,0,1,0,1,1,0,0,0,0,0,0,1261.35,1,16,1,1,1,0,74.45,1,0,0,0
0,0,1,0,0,0,1,1,0,1,1,0,0,0,0,0,1,2025.1,1,21,1,0,1,1,95.4,1,0,0,0
0,1,0,0,1,1,0,1,0,1,1,0,0,0,0,0,0,939.7,0,15,0,1,1,0,58.6,1,1,1,1
0,0,0,0,1,0,0,0,1,1,1,0,1,1,0,1,0,6066.55,1,61,1,1,1,1,98.3,1,1,0,0
0,0,1,0,0,0,0,0,0,1,0,0,1,0,1,1,0,600.25,0,33,0,1,0,0,19.45,1,0,0,0
1,0,0,0,0,0,0,1,1,1,0,0,0,0,0,0,1,2626.15,1,28,0,1,1,0,91.0,0,1,0,0
0,0,1,0,0,0,0,0,1,1,1,0,1,0,0,1,0,2815.25,1,35,1,1,1,0,81.6,1,0,0,0
0,0,1,0,0,0,1,0,0,1,1,0,1,0,1,1,0,1623.15,0,72,0,0,0,0,23.3,1,0,0,0
0,0,1,1,0,0,1,0,0,1,0,0,1,0,1,0,0,1296.15,0,62,0,0,0,0,20.3,0,0,0,0
